"";"gmina";"powiat";"score";"gminaType"
"1";"Rzeszów (1)";"m.Rzeszów";0;"cities"
"2";"Kraków (1)";"m.Kraków";0;"cities"
"3";"Wroc³aw (1)";"m.Wroc³aw";0;"cities"
"4";"Opole (1)";"m.Opole";0;"cities"
"5";"Poznañ (1)";"m.Poznañ";0;"cities"
"6";"Zielona Góra (1)";"m.Zielona Góra";0;"cities"
"7";"Gdañsk (1)";"m.Gdañsk";0;"cities"
"8";"Bia³ystok (1)";"m.Bia³ystok";0;"cities"
"9";"Skierniewice (1)";"m.Skierniewice";0;"cities"
"10";"Lublin (1)";"m.Lublin";0;"cities"
"11";"Szczecin (1)";"m.Szczecin";0;"cities"
"12";"Gorzów Wielkopolski (1)";"m.Gorzów Wielkopolski";0;"cities"
"13";"Toruñ (1)";"m.Toruñ";0;"cities"
"14";"Siedlce (1)";"m.Siedlce";0;"cities"
"15";"Olsztyn (1)";"m.Olsztyn";0;"cities"
"16";"Tychy (1)";"m.Tychy";0;"cities"
"17";"£om¿a (1)";"m.£om¿a";0;"cities"
"18";"Bielsko-Bia³a (1)";"m.Bielsko-Bia³a";0;"cities"
"19";"Nowy S¹cz (1)";"m.Nowy S¹cz";0;"cities"
"20";"Katowice (1)";"m.Katowice";0;"cities"
"21";"Gliwice (1)";"m.Gliwice";0;"cities"
"22";"Koszalin (1)";"m.Koszalin";0;"cities"
"23";"Sopot (1)";"m.Sopot";0;"cities"
"24";"Suwa³ki (1)";"m.Suwa³ki";0;"cities"
"25";"Leszno (1)";"m.Leszno";0;"cities"
"26";"Rybnik (1)";"m.Rybnik";0;"cities"
"27";"Mys³owice (1)";"m.Mys³owice";0;"cities"
"28";"Jaworzno (1)";"m.Jaworzno";0;"cities"
"29";"Ruda Œl¹ska (1)";"m.Ruda Œl¹ska";0;"cities"
"30";"Legnica (1)";"m.Legnica";0;"cities"
"31";"Œwinoujœcie (1)";"m.Œwinoujœcie";0;"cities"
"32";"Kielce (1)";"m.Kielce";0;"cities"
"33";"¯ory (1)";"m.¯ory";0;"cities"
"34";"Krosno (1)";"m.Krosno";0;"cities"
"35";"Bia³a Podlaska (1)";"m.Bia³a Podlaska";1;"cities"
"36";"Radom (1)";"m.Radom";1;"cities"
"37";"Kalisz (1)";"m.Kalisz";1;"cities"
"38";"D¹browa Górnicza (1)";"m.D¹browa Górnicza";1;"cities"
"39";"Jelenia Góra (1)";"m.Jelenia Góra";1;"cities"
"40";"S³upsk (1)";"m.S³upsk";1;"cities"
"41";"Siemianowice Œl¹skie (1)";"m.Siemianowice Œl¹skie";1;"cities"
"42";"P³ock (1)";"m.P³ock";1;"cities"
"43";"Gdynia (1)";"m.Gdynia";1;"cities"
"44";"Grudzi¹dz (1)";"m.Grudzi¹dz";1;"cities"
"45";"Ostro³êka (1)";"m.Ostro³êka";1;"cities"
"46";"Bydgoszcz (1)";"m.Bydgoszcz";1;"cities"
"47";"Piotrków Trybunalski (1)";"m.Piotrków Trybunalski";1;"cities"
"48";"Piekary Œl¹skie (1)";"m.Piekary Œl¹skie";1;"cities"
"49";"Che³m (1)";"m.Che³m";1;"cities"
"50";"Sosnowiec (1)";"m.Sosnowiec";1;"cities"
"51";"Chorzów (1)";"m.Chorzów";1;"cities"
"52";"Elbl¹g (1)";"m.Elbl¹g";1;"cities"
"53";"Czêstochowa (1)";"m.Czêstochowa";1;"cities"
"54";"Tarnów (1)";"m.Tarnów";1;"cities"
"55";"Jastrzêbie-Zdrój (1)";"m.Jastrzêbie-Zdrój";1;"cities"
"56";"Konin (1)";"m.Konin";1;"cities"
"57";"W³oc³awek (1)";"m.W³oc³awek";1;"cities"
"58";"Przemyœl (1)";"m.Przemyœl";1;"cities"
"59";"Zabrze (1)";"m.Zabrze";1;"cities"
"60";"Tarnobrzeg (1)";"m.Tarnobrzeg";1;"cities"
"61";"Bytom (1)";"m.Bytom";1;"cities"
"62";"Ustroñ (1)";"cieszyñski";0;"urban"
"63";"Pruszcz Gdañski (1)";"gdañski";0;"urban"
"64";"Luboñ (1)";"poznañski";0;"urban"
"65";"Marki (1)";"wo³omiñski";0;"urban"
"66";"Konstantynów £ódzki (1)";"pabianicki";0;"urban"
"67";"Koby³ka (1)";"wo³omiñski";0;"urban"
"68";"O³awa (1)";"o³awski";0;"urban"
"69";"Rumia (1)";"wejherowski";0;"urban"
"70";"Tarnowskie Góry (1)";"tarnogórski";0;"urban"
"71";"Garwolin (1)";"garwoliñski";0;"urban"
"72";"Œwidwin (1)";"œwidwiñski";0;"urban"
"73";"Orzesze (1)";"miko³owski";0;"urban"
"74";"Miko³ów (1)";"miko³owski";0;"urban"
"75";"Koœcian (1)";"koœciañski";0;"urban"
"76";"Józefów (1)";"otwocki";0;"urban"
"77";"Pruszków (1)";"pruszkowski";0;"urban"
"78";"Z¹bki (1)";"wo³omiñski";0;"urban"
"79";"Imielin (1)";"bieruñsko-lêdziñski";0;"urban"
"80";"Ostrów Wielkopolski (1)";"ostrowski";0;"urban"
"81";"Bieruñ (1)";"bieruñsko-lêdziñski";0;"urban"
"82";"Sulejówek (1)";"miñski";0;"urban"
"83";"Reda (1)";"wejherowski";0;"urban"
"84";"W¹growiec (1)";"w¹growiecki";0;"urban"
"85";"Otwock (1)";"otwocki";0;"urban"
"86";"E³k (1)";"e³cki";0;"urban"
"87";"£aziska Górne (1)";"miko³owski";0;"urban"
"88";"Lubawa (1)";"i³awski";0;"urban"
"89";"Pyskowice (1)";"gliwicki";0;"urban"
"90";"Z³otów (1)";"z³otowski";0;"urban"
"91";"Milanówek (1)";"grodziski";0;"urban"
"92";"Mielec (1)";"mielecki";0;"urban"
"93";"Tczew (1)";"tczewski";0;"urban"
"94";"Œwidnik (1)";"œwidnicki";0;"urban"
"95";"¯agañ (1)";"¿agañski";0;"urban"
"96";"Jordanów (1)";"suski";0;"urban"
"97";"Zielonka (1)";"wo³omiñski";0;"urban"
"98";"Lubliniec (1)";"lubliniecki";0;"urban"
"99";"Ciechanów (1)";"ciechanowski";0;"urban"
"100";"M³awa (1)";"m³awski";0;"urban"
"101";"Sochaczew (1)";"sochaczewski";0;"urban"
"102";"Cz³uchów (1)";"cz³uchowski";0;"urban"
"103";"¯yrardów (1)";"¿yrardowski";0;"urban"
"104";"Rydu³towy (1)";"wodzis³awski";0;"urban"
"105";"Koœcierzyna (1)";"koœcierski";0;"urban"
"106";"I³awa (1)";"i³awski";0;"urban"
"107";"Nowy Dwór Mazowiecki (1)";"nowodworski";0;"urban"
"108";"Kutno (1)";"kutnowski";0;"urban"
"109";"£eba (1)";"lêborski";0;"urban"
"110";"Ko³obrzeg (1)";"ko³obrzeski";0;"urban"
"111";"Krynica Morska (1)";"nowodworski";0;"urban"
"112";"Szczecinek (1)";"szczecinecki";0;"urban"
"113";"Szczyrk (1)";"bielski";0;"urban"
"114";"Miñsk Mazowiecki (1)";"miñski";0;"urban"
"115";"Gniezno (1)";"gnieŸnieñski";0;"urban"
"116";"Obrzycko (1)";"szamotulski";0;"urban"
"117";"Ostróda (1)";"ostródzki";0;"urban"
"118";"Lêdziny (1)";"bieruñsko-lêdziñski";0;"urban"
"119";"Polanica-Zdrój (1)";"k³odzki";0;"urban"
"120";"Ustka (1)";"s³upski";0;"urban"
"121";"Radziejów (1)";"radziejowski";0;"urban"
"122";"Dzia³dowo (1)";"dzia³dowski";0;"urban"
"123";"Gorlice (1)";"gorlicki";0;"urban"
"124";"Szklarska Porêba (1)";"jeleniogórski";0;"urban"
"125";"Skórcz (1)";"starogardzki";0;"urban"
"126";"Bêdzin (1)";"bêdziñski";0;"urban"
"127";"Dar³owo (1)";"s³awieñski";0;"urban"
"128";"Wis³a (1)";"cieszyñski";0;"urban"
"129";"Knurów (1)";"gliwicki";0;"urban"
"130";"Brzeziny (1)";"brzeziñski";0;"urban"
"131";"Podkowa Leœna (1)";"grodziski";0;"urban"
"132";"Zakopane (1)";"tatrzañski";0;"urban"
"133";"W³odawa (1)";"w³odawski";0;"urban"
"134";"Rypin (1)";"rypiñski";0;"urban"
"135";"Bukowno (1)";"olkuski";0;"urban"
"136";"S³upca (1)";"s³upecki";0;"urban"
"137";"Wodzis³aw Œl¹ski (1)";"wodzis³awski";0;"urban"
"138";"Wysokie Mazowieckie (1)";"wysokomazowiecki";0;"urban"
"139";"Ciechocinek (1)";"aleksandrowski";0;"urban"
"140";"Lêbork (1)";"lêborski";0;"urban"
"141";"Przasnysz (1)";"przasnyski";0;"urban"
"142";"Lubin (1)";"lubiñski";0;"urban"
"143";"Kêtrzyn (1)";"kêtrzyñski";0;"urban"
"144";"Oleœnica (1)";"oleœnicki";0;"urban"
"145";"¯ywiec (1)";"¿ywiecki";0;"urban"
"146";"Dynów (1)";"rzeszowski";0;"urban"
"147";"Wojkowice (1)";"bêdziñski";0;"urban"
"148";"Brodnica (1)";"brodnicki";0;"urban"
"149";"Hajnówka (1)";"hajnowski";0;"urban"
"150";"Gostynin (1)";"gostyniñski";0;"urban"
"151";"Chojnów (1)";"legnicki";0;"urban"
"152";"Wa³cz (1)";"wa³ecki";0;"urban"
"153";"Soko³ów Podlaski (1)";"soko³owski";0;"urban"
"154";"Sucha Beskidzka (1)";"suski";0;"urban"
"155";"Boles³awiec (1)";"boles³awiecki";0;"urban"
"156";"Gi¿ycko (1)";"gi¿ycki";0;"urban"
"157";"P³oñsk (1)";"p³oñski";0;"urban"
"158";"Stoczek £ukowski (1)";"³ukowski";0;"urban"
"159";"S³awno (1)";"s³awieñski";0;"urban"
"160";"Miasteczko Œl¹skie (1)";"tarnogórski";0;"urban"
"161";"Sulmierzyce (1)";"krotoszyñski";0;"urban"
"162";"G³ogów (1)";"g³ogowski";1;"urban"
"163";"Cieszyn (1)";"cieszyñski";1;"urban"
"164";"Szczawno-Zdrój (1)";"wa³brzyski";1;"urban"
"165";"Grybów (1)";"nowos¹decki";1;"urban"
"166";"Myszków (1)";"myszkowski";1;"urban"
"167";"Sierpc (1)";"sierpecki";1;"urban"
"168";"Be³chatów (1)";"be³chatowski";1;"urban"
"169";"Stalowa Wola (1)";"stalowowolski";1;"urban"
"170";"Z³otoryja (1)";"z³otoryjski";1;"urban"
"171";"Stargard (1)";"stargardzki";1;"urban"
"172";"Karpacz (1)";"jeleniogórski";1;"urban"
"173";"Górowo I³aweckie (1)";"bartoszycki";1;"urban"
"174";"Limanowa (1)";"limanowski";1;"urban"
"175";"Kowary (1)";"jeleniogórski";1;"urban"
"176";"Wêgrów (1)";"wêgrowski";1;"urban"
"177";"Zawiercie (1)";"zawierciañski";1;"urban"
"178";"S³awków (1)";"bêdziñski";1;"urban"
"179";"Legionowo (1)";"legionowski";1;"urban"
"180";"Le¿ajsk (1)";"le¿ajski";1;"urban"
"181";"Piechowice (1)";"jeleniogórski";1;"urban"
"182";"Skar¿ysko-Kamienna (1)";"skar¿yski";1;"urban"
"183";"Turek (1)";"turecki";1;"urban"
"184";"Kalety (1)";"tarnogórski";1;"urban"
"185";"Lubartów (1)";"lubartowski";1;"urban"
"186";"Pi³a (1)";"pilski";1;"urban"
"187";"Maków Mazowiecki (1)";"makowski";1;"urban"
"188";"Starogard Gdañski (1)";"starogardzki";1;"urban"
"189";"Czarnków (1)";"czarnkowsko-trzcianecki";1;"urban"
"190";"Kolno (1)";"kolneñski";1;"urban"
"191";"Jawor (1)";"jaworski";1;"urban"
"192";"Wejherowo (1)";"wejherowski";1;"urban"
"193";"Duszniki-Zdrój (1)";"k³odzki";1;"urban"
"194";"Mr¹gowo (1)";"mr¹gowski";1;"urban"
"195";"Chojnice (1)";"chojnicki";1;"urban"
"196";"Raci¹¿ (1)";"p³oñski";1;"urban"
"197";"Tomaszów Lubelski (1)";"tomaszowski";1;"urban"
"198";"Kwidzyn (1)";"kwidzyñski";1;"urban"
"199";"£uków (1)";"³ukowski";1;"urban"
"200";"Gubin (1)";"kroœnieñski";1;"urban"
"201";"Nowa Ruda (1)";"k³odzki";1;"urban"
"202";"Radymno (1)";"jaros³awski";1;"urban"
"203";"Dêbica (1)";"dêbicki";1;"urban"
"204";"Lubañ (1)";"lubañski";1;"urban"
"205";"Ostrów Mazowiecka (1)";"ostrowski";1;"urban"
"206";"Racibórz (1)";"raciborski";1;"urban"
"207";"Siemiatycze (1)";"siemiatycki";1;"urban"
"208";"Bi³goraj (1)";"bi³gorajski";1;"urban"
"209";"Grajewo (1)";"grajewski";1;"urban"
"210";"Kraœnik (1)";"kraœnicki";1;"urban"
"211";"Krasnystaw (1)";"krasnostawski";1;"urban"
"212";"Ozorków (1)";"zgierski";1;"urban"
"213";"Bartoszyce (1)";"bartoszycki";1;"urban"
"214";"Sejny (1)";"sejneñski";1;"urban"
"215";"¯ary (1)";"¿arski";1;"urban"
"216";"Radzyñ Podlaski (1)";"radzyñski";1;"urban"
"217";"Sieradz (1)";"sieradzki";1;"urban"
"218";"Œwieradów-Zdrój (1)";"lubañski";1;"urban"
"219";"Miêdzyrzec Podlaski (1)";"bialski";1;"urban"
"220";"Puszczykowo (1)";"poznañski";1;"urban"
"221";"Ko³o (1)";"kolski";1;"urban"
"222";"Bielsk Podlaski (1)";"bielski";1;"urban"
"223";"Dêblin (1)";"rycki";1;"urban"
"224";"Œwiebodzice (1)";"œwidnicki";1;"urban"
"225";"Zgierz (1)";"zgierski";1;"urban"
"226";"£owicz (1)";"³owicki";1;"urban"
"227";"£êknica (1)";"¿arski";1;"urban"
"228";"Tomaszów Mazowiecki (1)";"tomaszowski";1;"urban"
"229";"Golub-Dobrzyñ (1)";"golubsko-dobrzyñski";1;"urban"
"230";"Brzeg (1)";"brzeski";1;"urban"
"231";"Jedlina-Zdrój (1)";"wa³brzyski";1;"urban"
"232";"K³odzko (1)";"k³odzki";1;"urban"
"233";"W¹brzeŸno (1)";"w¹brzeski";1;"urban"
"234";"Kostrzyn nad Odr¹ (1)";"gorzowski";1;"urban"
"235";"Starachowice (1)";"starachowicki";1;"urban"
"236";"Ostrowiec Œwiêtokrzyski (1)";"ostrowiecki";1;"urban"
"237";"Sanok (1)";"sanocki";1;"urban"
"238";"Hrubieszów (1)";"hrubieszowski";1;"urban"
"239";"Lubaczów (1)";"lubaczowski";1;"urban"
"240";"Che³mno (1)";"che³miñski";1;"urban"
"241";"Kudowa-Zdrój (1)";"k³odzki";1;"urban"
"242";"Brañsk (1)";"bielski";1;"urban"
"243";"£askarzew (1)";"garwoliñski";1;"urban"
"244";"Nowy Targ (1)";"nowotarski";1;"urban"
"245";"Bielawa (1)";"dzier¿oniowski";1;"urban"
"246";"Pabianice (1)";"pabianicki";1;"urban"
"247";"Mszana Dolna (1)";"limanowski";1;"urban"
"248";"Zduñska Wola (1)";"zduñskowolski";1;"urban"
"249";"Braniewo (1)";"braniewski";1;"urban"
"250";"Œwidnica (1)";"œwidnicki";1;"urban"
"251";"Pu³awy (1)";"pu³awski";1;"urban"
"252";"Nowa Sól (1)";"nowosolski";1;"urban"
"253";"Radlin (1)";"wodzis³awski";1;"urban"
"254";"Chodzie¿ (1)";"chodzieski";1;"urban"
"255";"Zawidów (1)";"zgorzelecki";1;"urban"
"256";"Jas³o (1)";"jasielski";1;"urban"
"257";"Zgorzelec (1)";"zgorzelecki";1;"urban"
"258";"Lipno (1)";"lipnowski";1;"urban"
"259";"Bochnia (1)";"bocheñski";1;"urban"
"260";"Nowe Miasto Lubawskie (1)";"nowomiejski";1;"urban"
"261";"Bia³ogard (1)";"bia³ogardzki";1;"urban"
"262";"Radomsko (1)";"radomszczañski";1;"urban"
"263";"Szczytno (1)";"szczycieñski";1;"urban"
"264";"Aleksandrów Kujawski (1)";"aleksandrowski";1;"urban"
"265";"Augustów (1)";"augustowski";1;"urban"
"266";"Terespol (1)";"bialski";1;"urban"
"267";"Jaros³aw (1)";"jaros³awski";1;"urban"
"268";"Pionki (1)";"radomski";1;"urban"
"269";"Kêdzierzyn-KoŸle (1)";"kêdzierzyñsko-kozielski";1;"urban"
"270";"Rejowiec Fabryczny (1)";"che³mski";1;"urban"
"271";"Pi³awa Górna (1)";"dzier¿oniowski";1;"urban"
"272";"Lidzbark Warmiñski (1)";"lidzbarski";1;"urban"
"273";"Kamienna Góra (1)";"kamiennogórski";1;"urban"
"274";"Pszów (1)";"wodzis³awski";1;"urban"
"275";"Radzionków (1)";"tarnogórski";1;"urban"
"276";"Boguszów-Gorce (1)";"wa³brzyski";1;"urban"
"277";"Gozdnica (1)";"¿agañski";1;"urban"
"278";"G³owno (1)";"zgierski";1;"urban"
"279";"Porêba (1)";"zawierciañski";1;"urban"
"280";"Swarzêdz (3)";"poznañski";0;"urban_rural"
"281";"Tyczyn (3)";"rzeszowski";0;"urban_rural"
"282";"Mosina (3)";"poznañski";0;"urban_rural"
"283";"Nowy Tomyœl (3)";"nowotomyski";0;"urban_rural"
"284";"Brwinów (3)";"pruszkowski";0;"urban_rural"
"285";"Opalenica (3)";"nowotomyski";0;"urban_rural"
"286";"Kórnik (3)";"poznañski";0;"urban_rural"
"287";"Wilamowice (3)";"bielski";0;"urban_rural"
"288";"Piaseczno (3)";"piaseczyñski";0;"urban_rural"
"289";"Grodzisk Wielkopolski (3)";"grodziski";0;"urban_rural"
"290";"Rydzyna (3)";"leszczyñski";0;"urban_rural"
"291";"Gostyñ (3)";"gostyñski";0;"urban_rural"
"292";"Supraœl (3)";"bia³ostocki";0;"urban_rural"
"293";"Szamotu³y (3)";"szamotulski";0;"urban_rural"
"294";"Czerwionka-Leszczyny (3)";"rybnicki";0;"urban_rural"
"295";"Radzymin (3)";"wo³omiñski";0;"urban_rural"
"296";"Kostrzyn (3)";"poznañski";0;"urban_rural"
"297";"Grodzisk Mazowiecki (3)";"grodziski";0;"urban_rural"
"298";"Karczew (3)";"otwocki";0;"urban_rural"
"299";"Wieliczka (3)";"wielicki";0;"urban_rural"
"300";"O¿arów Mazowiecki (3)";"warszawski zachodni";0;"urban_rural"
"301";"Œrem (3)";"œremski";0;"urban_rural"
"302";"K¹ty Wroc³awskie (3)";"wroc³awski";0;"urban_rural"
"303";"Oborniki (3)";"obornicki";0;"urban_rural"
"304";"¯ukowo (3)";"kartuski";0;"urban_rural"
"305";"Serock (3)";"legionowski";0;"urban_rural"
"306";"Nowe Skalmierzyce (3)";"ostrowski";0;"urban_rural"
"307";"Aleksandrów £ódzki (3)";"zgierski";0;"urban_rural"
"308";"Wasilków (3)";"bia³ostocki";0;"urban_rural"
"309";"Rawicz (3)";"rawicki";0;"urban_rural"
"310";"Strumieñ (3)";"cieszyñski";0;"urban_rural"
"311";"Skoki (3)";"w¹growiecki";0;"urban_rural"
"312";"Niepo³omice (3)";"wielicki";0;"urban_rural"
"313";"£osice (3)";"³osicki";0;"urban_rural"
"314";"Zduny (3)";"krotoszyñski";0;"urban_rural"
"315";"Skaryszew (3)";"radomski";0;"urban_rural"
"316";"Kartuzy (3)";"kartuski";0;"urban_rural"
"317";"Œroda Wielkopolska (3)";"œredzki";0;"urban_rural"
"318";"Strzelin (3)";"strzeliñski";0;"urban_rural"
"319";"Boguchwa³a (3)";"rzeszowski";0;"urban_rural"
"320";"Dziwnów (3)";"kamieñski";0;"urban_rural"
"321";"Pobiedziska (3)";"poznañski";0;"urban_rural"
"322";"Soœnicowice (3)";"gliwicki";0;"urban_rural"
"323";"Tarczyn (3)";"piaseczyñski";0;"urban_rural"
"324";"Brusy (3)";"chojnicki";0;"urban_rural"
"325";"Trzebnica (3)";"trzebnicki";0;"urban_rural"
"326";"Zab³udów (3)";"bia³ostocki";0;"urban_rural"
"327";"Barczewo (3)";"olsztyñski";0;"urban_rural"
"328";"Wo³omin (3)";"wo³omiñski";0;"urban_rural"
"329";"Jelcz-Laskowice (3)";"o³awski";0;"urban_rural"
"330";"Mszczonów (3)";"¿yrardowski";0;"urban_rural"
"331";"Miêdzyzdroje (3)";"kamieñski";0;"urban_rural"
"332";"Rzgów (3)";"³ódzki wschodni";0;"urban_rural"
"333";"Brzeg Dolny (3)";"wo³owski";0;"urban_rural"
"334";"Góra Kalwaria (3)";"piaseczyñski";0;"urban_rural"
"335";"Ujazd (3)";"strzelecki";0;"urban_rural"
"336";"Gogolin (3)";"krapkowicki";0;"urban_rural"
"337";"Siechnice (3)";"wroc³awski";0;"urban_rural"
"338";"Halinów (3)";"miñski";0;"urban_rural"
"339";"Namys³ów (3)";"namys³owski";0;"urban_rural"
"340";"Œwi¹tniki Górne (3)";"krakowski";0;"urban_rural"
"341";"Kozieg³owy (3)";"myszkowski";0;"urban_rural"
"342";"Goleniów (3)";"goleniowski";0;"urban_rural"
"343";"Murowana Goœlina (3)";"poznañski";0;"urban_rural"
"344";"Grójec (3)";"grójecki";0;"urban_rural"
"345";"T³uszcz (3)";"wo³omiñski";0;"urban_rural"
"346";"£abiszyn (3)";"¿niñski";0;"urban_rural"
"347";"Tuszyn (3)";"³ódzki wschodni";0;"urban_rural"
"348";"Stêszew (3)";"poznañski";0;"urban_rural"
"349";"Pilawa (3)";"garwoliñski";0;"urban_rural"
"350";"Jarocin (3)";"jarociñski";0;"urban_rural"
"351";"Koluszki (3)";"³ódzki wschodni";0;"urban_rural"
"352";"Buk (3)";"poznañski";0;"urban_rural"
"353";"Myœlenice (3)";"myœlenicki";0;"urban_rural"
"354";"Choroszcz (3)";"bia³ostocki";0;"urban_rural"
"355";"Nowe Brzesko (3)";"proszowicki";0;"urban_rural"
"356";"Lipsko (3)";"lipski";0;"urban_rural"
"357";"Sieraków (3)";"miêdzychodzki";0;"urban_rural"
"358";"£omianki (3)";"warszawski zachodni";0;"urban_rural"
"359";"Ropczyce (3)";"ropczycko-sêdziszowski";0;"urban_rural"
"360";"S³omniki (3)";"krakowski";0;"urban_rural"
"361";"Pszczyna (3)";"pszczyñski";0;"urban_rural"
"362";"Warka (3)";"grójecki";0;"urban_rural"
"363";"Stryków (3)";"zgierski";0;"urban_rural"
"364";"Szubin (3)";"nakielski";0;"urban_rural"
"365";"Siewierz (3)";"bêdziñski";0;"urban_rural"
"366";"Polkowice (3)";"polkowicki";0;"urban_rural"
"367";"Zb¹szyñ (3)";"nowotomyski";0;"urban_rural"
"368";"Czerniejewo (3)";"gnieŸnieñski";0;"urban_rural"
"369";"Stawiszyn (3)";"kaliski";0;"urban_rural"
"370";"Wyszków (3)";"wyszkowski";0;"urban_rural"
"371";"Wolbórz (3)";"piotrkowski";0;"urban_rural"
"372";"Nowy Wiœnicz (3)";"bocheñski";0;"urban_rural"
"373";"Olkusz (3)";"olkuski";0;"urban_rural"
"374";"Czechowice-Dziedzice (3)";"bielski";0;"urban_rural"
"375";"Wronki (3)";"szamotulski";0;"urban_rural"
"376";"Nasielsk (3)";"nowodworski";0;"urban_rural"
"377";"KoŸmin Wielkopolski (3)";"krotoszyñski";0;"urban_rural"
"378";"Recz (3)";"choszczeñski";0;"urban_rural"
"379";"Wolsztyn (3)";"wolsztyñski";0;"urban_rural"
"380";"Nekla (3)";"wrzesiñski";0;"urban_rural"
"381";"Sulejów (3)";"piotrkowski";0;"urban_rural"
"382";"Konstancin-Jeziorna (3)";"piaseczyñski";0;"urban_rural"
"383";"£êczna (3)";"³êczyñski";0;"urban_rural"
"384";"Twardogóra (3)";"oleœnicki";0;"urban_rural"
"385";"Cedynia (3)";"gryfiñski";0;"urban_rural"
"386";"Wrzeœnia (3)";"wrzesiñski";0;"urban_rural"
"387";"Przec³aw (3)";"mielecki";0;"urban_rural"
"388";"Czerwieñsk (3)";"zielonogórski";0;"urban_rural"
"389";"Trzebinia (3)";"chrzanowski";0;"urban_rural"
"390";"Golina (3)";"koniñski";0;"urban_rural"
"391";"Chêciny (3)";"kielecki";0;"urban_rural"
"392";"Zb¹szynek (3)";"œwiebodziñski";0;"urban_rural"
"393";"Nysa (3)";"nyski";0;"urban_rural"
"394";"Be³¿yce (3)";"lubelski";0;"urban_rural"
"395";"Sianów (3)";"koszaliñski";0;"urban_rural"
"396";"Czersk (3)";"chojnicki";0;"urban_rural"
"397";"Odolanów (3)";"ostrowski";0;"urban_rural"
"398";"Osieczna (3)";"leszczyñski";0;"urban_rural"
"399";"Skarszewy (3)";"starogardzki";0;"urban_rural"
"400";"Olszyna (3)";"lubañski";0;"urban_rural"
"401";"Krzywiñ (3)";"koœciañski";0;"urban_rural"
"402";"Kamieñ Pomorski (3)";"kamieñski";0;"urban_rural"
"403";"Mikstat (3)";"ostrzeszowski";0;"urban_rural"
"404";"Kisielice (3)";"i³awski";0;"urban_rural"
"405";"Torzym (3)";"sulêciñski";0;"urban_rural"
"406";"Wielichowo (3)";"grodziski";0;"urban_rural"
"407";"Szczytna (3)";"k³odzki";0;"urban_rural"
"408";"Nowogrodziec (3)";"boles³awiecki";0;"urban_rural"
"409";"Ska³a (3)";"krakowski";0;"urban_rural"
"410";"Œroda Œl¹ska (3)";"œredzki";0;"urban_rural"
"411";"Sulechów (3)";"zielonogórski";0;"urban_rural"
"412";"Oœno Lubuskie (3)";"s³ubicki";0;"urban_rural"
"413";"Mieroszów (3)";"wa³brzyski";0;"urban_rural"
"414";"Miechów (3)";"miechowski";0;"urban_rural"
"415";"Raszków (3)";"ostrowski";0;"urban_rural"
"416";"Rudnik nad Sanem (3)";"ni¿añski";0;"urban_rural"
"417";"Daleszyce (3)";"kielecki";0;"urban_rural"
"418";"Bierutów (3)";"oleœnicki";0;"urban_rural"
"419";"Pu³tusk (3)";"pu³tuski";0;"urban_rural"
"420";"Stronie Œl¹skie (3)";"k³odzki";0;"urban_rural"
"421";"Górzno (3)";"brodnicki";0;"urban_rural"
"422";"Mirsk (3)";"lwówecki";0;"urban_rural"
"423";"Oleszyce (3)";"lubaczowski";0;"urban_rural"
"424";"Ryn (3)";"gi¿ycki";0;"urban_rural"
"425";"Ka³uszyn (3)";"miñski";0;"urban_rural"
"426";"Solec Kujawski (3)";"bydgoski";0;"urban_rural"
"427";"Kargowa (3)";"zielonogórski";0;"urban_rural"
"428";"Sztum (3)";"sztumski";0;"urban_rural"
"429";"Su³kowice (3)";"myœlenicki";0;"urban_rural"
"430";"Œwiecie (3)";"œwiecki";0;"urban_rural"
"431";"Ostroróg (3)";"szamotulski";0;"urban_rural"
"432";"Miêdzylesie (3)";"k³odzki";0;"urban_rural"
"433";"Mi³om³yn (3)";"ostródzki";0;"urban_rural"
"434";"Nowogród Bobrzañski (3)";"zielonogórski";0;"urban_rural"
"435";"Rymanów (3)";"kroœnieñski";0;"urban_rural"
"436";"Pe³czyce (3)";"choszczeñski";0;"urban_rural"
"437";"Frombork (3)";"braniewski";0;"urban_rural"
"438";"Mogielnica (3)";"grójecki";0;"urban_rural"
"439";"Szadek (3)";"zduñskowolski";0;"urban_rural"
"440";"Rychwa³ (3)";"koniñski";0;"urban_rural"
"441";"Oborniki Œl¹skie (3)";"trzebnicki";0;"urban_rural"
"442";"Jutrosin (3)";"rawicki";0;"urban_rural"
"443";"Pajêczno (3)";"pajêczañski";0;"urban_rural"
"444";"Pogorzela (3)";"gostyñski";0;"urban_rural"
"445";"Dobczyce (3)";"myœlenicki";0;"urban_rural"
"446";"KuŸnia Raciborska (3)";"raciborski";0;"urban_rural"
"447";"Wyszogród (3)";"p³ocki";0;"urban_rural"
"448";"Krzeszowice (3)";"krakowski";0;"urban_rural"
"449";"Dobrodzieñ (3)";"oleski";0;"urban_rural"
"450";"Ruciane-Nida (3)";"piski";0;"urban_rural"
"451";"Zagórów (3)";"s³upecki";0;"urban_rural"
"452";"Bytów (3)";"bytowski";0;"urban_rural"
"453";"Bolków (3)";"jaworski";1;"urban_rural"
"454";"Chmielnik (3)";"kielecki";1;"urban_rural"
"455";"Janikowo (3)";"inowroc³awski";1;"urban_rural"
"456";"Borne Sulinowo (3)";"szczecinecki";1;"urban_rural"
"457";"Pakoœæ (3)";"inowroc³awski";1;"urban_rural"
"458";"Sêdziszów (3)";"jêdrzejowski";1;"urban_rural"
"459";"Pasym (3)";"szczycieñski";1;"urban_rural"
"460";"Brzeœæ Kujawski (3)";"w³oc³awski";1;"urban_rural"
"461";"S³awa (3)";"wschowski";1;"urban_rural"
"462";"Bisztynek (3)";"bartoszycki";1;"urban_rural"
"463";"Stepnica (3)";"goleniowski";1;"urban_rural"
"464";"Witnica (3)";"gorzowski";1;"urban_rural"
"465";"Chociwel (3)";"stargardzki";1;"urban_rural"
"466";"Grabów nad Prosn¹ (3)";"ostrzeszowski";1;"urban_rural"
"467";"Skoczów (3)";"cieszyñski";1;"urban_rural"
"468";"Czempiñ (3)";"koœciañski";1;"urban_rural"
"469";"Olsztynek (3)";"olsztyñski";1;"urban_rural"
"470";"¯arki (3)";"myszkowski";1;"urban_rural"
"471";"Poniec (3)";"gostyñski";1;"urban_rural"
"472";"Skalbmierz (3)";"kazimierski";1;"urban_rural"
"473";"Pilzno (3)";"dêbicki";1;"urban_rural"
"474";"Sobótka (3)";"wroc³awski";1;"urban_rural"
"475";"Na³êczów (3)";"pu³awski";1;"urban_rural"
"476";"Alwernia (3)";"chrzanowski";1;"urban_rural"
"477";"Syców (3)";"oleœnicki";1;"urban_rural"
"478";"Szczucin (3)";" ";1;"urban_rural"
"479";"Wyrzysk (3)";"pilski";1;"urban_rural"
"480";"Brok (3)";"ostrowski";1;"urban_rural"
"481";"Œcinawa (3)";"lubiñski";1;"urban_rural"
"482";"Brzeszcze (3)";"oœwiêcimski";1;"urban_rural"
"483";"Nowogard (3)";"goleniowski";1;"urban_rural"
"484";"Bardo (3)";"z¹bkowicki";1;"urban_rural"
"485";"Orzysz (3)";"piski";1;"urban_rural"
"486";"Golczewo (3)";"kamieñski";1;"urban_rural"
"487";"Ksi¹¿ Wielkopolski (3)";"œremski";1;"urban_rural"
"488";"Po³aniec (3)";"staszowski";1;"urban_rural"
"489";"Kêpice (3)";"s³upski";1;"urban_rural"
"490";"W³adys³awowo (3)";"pucki";1;"urban_rural"
"491";"Kañczuga (3)";"przeworski";1;"urban_rural"
"492";"Jastrowie (3)";"z³otowski";1;"urban_rural"
"493";"Gryfino (3)";"gryfiñski";1;"urban_rural"
"494";"Piotrków Kujawski (3)";"radziejowski";1;"urban_rural"
"495";"Bia³obrzegi (3)";"bia³obrzeski";1;"urban_rural"
"496";"Ma³ogoszcz (3)";"jêdrzejowski";1;"urban_rural"
"497";"¯arów (3)";"œwidnicki";1;"urban_rural"
"498";"Tuchola (3)";"tucholski";1;"urban_rural"
"499";"Kozienice (3)";"kozienicki";1;"urban_rural"
"500";"Nowy Staw (3)";"malborski";1;"urban_rural"
"501";"Piaski (3)";"œwidnicki";1;"urban_rural"
"502";"Milicz (3)";"milicki";1;"urban_rural"
"503";"Glinojeck (3)";"ciechanowski";1;"urban_rural"
"504";"Bia³a (3)";"prudnicki";1;"urban_rural"
"505";"Sokó³ka (3)";"sokólski";1;"urban_rural"
"506";"Prochowice (3)";"legnicki";1;"urban_rural"
"507";"Trzciel (3)";"miêdzyrzecki";1;"urban_rural"
"508";"Krynki (3)";"sokólski";1;"urban_rural"
"509";"Ciê¿kowice (3)";"tarnowski";1;"urban_rural"
"510";"Mi³os³aw (3)";"wrzesiñski";1;"urban_rural"
"511";"RogoŸno (3)";"obornicki";1;"urban_rural"
"512";"Trzemeszno (3)";"gnieŸnieñski";1;"urban_rural"
"513";"Bodzentyn (3)";"kielecki";1;"urban_rural"
"514";"Mogilno (3)";"mogileñski";1;"urban_rural"
"515";"Warta (3)";"sieradzki";1;"urban_rural"
"516";"Suchedniów (3)";"skar¿yski";1;"urban_rural"
"517";"Narol (3)";"lubaczowski";1;"urban_rural"
"518";"Krajenka (3)";"z³otowski";1;"urban_rural"
"519";"Radzyñ Che³miñski (3)";"grudzi¹dzki";1;"urban_rural"
"520";"Kêty (3)";"oœwiêcimski";1;"urban_rural"
"521";"Knyszyn (3)";"moniecki";1;"urban_rural"
"522";"Nowe Miasto nad Pilic¹ (3)";"grójecki";1;"urban_rural"
"523";"Mordy (3)";"siedlecki";1;"urban_rural"
"524";"Witkowo (3)";"gnieŸnieñski";1;"urban_rural"
"525";"Rabka-Zdrój (3)";"nowotarski";1;"urban_rural"
"526";"Wieruszów (3)";"wieruszowski";1;"urban_rural"
"527";"Gryfice (3)";"gryficki";1;"urban_rural"
"528";"Zdzieszowice (3)";"krapkowicki";1;"urban_rural"
"529";"Maszewo (3)";"goleniowski";1;"urban_rural"
"530";"Kalwaria Zebrzydowska (3)";"wadowicki";1;"urban_rural"
"531";"Libi¹¿ (3)";"chrzanowski";1;"urban_rural"
"532";"Kêpno (3)";"kêpiñski";1;"urban_rural"
"533";"G³ogów Ma³opolski (3)";"rzeszowski";1;"urban_rural"
"534";"Krobia (3)";"gostyñski";1;"urban_rural"
"535";"Chocianów (3)";"polkowicki";1;"urban_rural"
"536";"Zagórz (3)";"sanocki";1;"urban_rural"
"537";"Janowiec Wielkopolski (3)";"¿niñski";1;"urban_rural"
"538";"Ogrodzieniec (3)";"zawierciañski";1;"urban_rural"
"539";"L¹dek-Zdrój (3)";"k³odzki";1;"urban_rural"
"540";"D¹bie (3)";"kolski";1;"urban_rural"
"541";"Trzcianka (3)";"czarnkowsko-trzcianecki";1;"urban_rural"
"542";"¯ychlin (3)";"kutnowski";1;"urban_rural"
"543";"Dobre Miasto (3)";"olsztyñski";1;"urban_rural"
"544";"Kazimierza Wielka (3)";"kazimierski";1;"urban_rural"
"545";"Miko³ajki (3)";"mr¹gowski";1;"urban_rural"
"546";"Jaworzyna Œl¹ska (3)";"œwidnicki";1;"urban_rural"
"547";"£azy (3)";"zawierciañski";1;"urban_rural"
"548";"Baranów Sandomierski (3)";"tarnobrzeski";1;"urban_rural"
"549";"Myœlibórz (3)";"myœliborski";1;"urban_rural"
"550";"Police (3)";"policki";1;"urban_rural"
"551";"Lubomierz (3)";"lwówecki";1;"urban_rural"
"552";"Olecko (3)";"olecki";1;"urban_rural"
"553";"Pleszew (3)";"pleszewski";1;"urban_rural"
"554";"Krynica-Zdrój (3)";"nowos¹decki";1;"urban_rural"
"555";"Poniatowa (3)";"opolski";1;"urban_rural"
"556";"Ostrzeszów (3)";"ostrzeszowski";1;"urban_rural"
"557";"Kazimierz Dolny (3)";"pu³awski";1;"urban_rural"
"558";"Pniewy (3)";"szamotulski";1;"urban_rural"
"559";"Z³ocieniec (3)";"drawski";1;"urban_rural"
"560";"Prusice (3)";"trzebnicki";1;"urban_rural"
"561";"Bia³y Bór (3)";"szczecinecki";1;"urban_rural"
"562";"Ujœcie (3)";"pilski";1;"urban_rural"
"563";"Parczew (3)";"parczewski";1;"urban_rural"
"564";"Dzia³oszyn (3)";"pajêczañski";1;"urban_rural"
"565";"Miêdzychód (3)";"miêdzychodzki";1;"urban_rural"
"566";"£ask (3)";"³aski";1;"urban_rural"
"567";"Bobowa (3)";"gorlicki";1;"urban_rural"
"568";"Margonin (3)";"chodzieski";1;"urban_rural"
"569";"Œlesin (3)";"koniñski";1;"urban_rural"
"570";"O¿arów (3)";"opatowski";1;"urban_rural"
"571";"Bychawa (3)";"lubelski";1;"urban_rural"
"572";"Wieluñ (3)";"wieluñski";1;"urban_rural"
"573";"Skawina (3)";"krakowski";1;"urban_rural"
"574";"Tychowo (3)";"bia³ogardzki";1;"urban_rural"
"575";"Krosno Odrzañskie (3)";"kroœnieñski";1;"urban_rural"
"576";"Jasieñ (3)";"¿arski";1;"urban_rural"
"577";"Reszel (3)";"kêtrzyñski";1;"urban_rural"
"578";"¯erków (3)";"jarociñski";1;"urban_rural"
"579";"Pyrzyce (3)";"pyrzycki";1;"urban_rural"
"580";"Koronowo (3)";"bydgoski";1;"urban_rural"
"581";"Czarne (3)";"cz³uchowski";1;"urban_rural"
"582";"Miastko (3)";"bytowski";1;"urban_rural"
"583";"Pieniê¿no (3)";"braniewski";1;"urban_rural"
"584";"Ró¿an (3)";"makowski";1;"urban_rural"
"585";"£apy (3)";"bia³ostocki";1;"urban_rural"
"586";"Kamieñ Krajeñski (3)";"sêpoleñski";1;"urban_rural"
"587";"Rakoniewice (3)";"grodziski";1;"urban_rural"
"588";"Kalisz Pomorski (3)";"drawski";1;"urban_rural"
"589";"Kleczew (3)";"koniñski";1;"urban_rural"
"590";"Pas³êk (3)";"elbl¹ski";1;"urban_rural"
"591";"Brzozów (3)";"brzozowski";1;"urban_rural"
"592";"Tyszowce (3)";"tomaszowski";1;"urban_rural"
"593";"Brzesko (3)";"brzeski";1;"urban_rural"
"594";"Andrychów (3)";"wadowicki";1;"urban_rural"
"595";"Kluczbork (3)";"kluczborski";1;"urban_rural"
"596";"Zalewo (3)";"i³awski";1;"urban_rural"
"597";"Wojnicz (3)";"tarnowski";1;"urban_rural"
"598";"Czaplinek (3)";"drawski";1;"urban_rural"
"599";"Nowy Dwór Gdañski (3)";"nowodworski";1;"urban_rural"
"600";"Kamieñsk (3)";"radomszczañski";1;"urban_rural"
"601";"Wolin (3)";"kamieñski";1;"urban_rural"
"602";"Wo³ów (3)";"wo³owski";1;"urban_rural"
"603";"Janów Lubelski (3)";"janowski";1;"urban_rural"
"604";"Opatów (3)";"opatowski";1;"urban_rural"
"605";"D¹browa Tarnowska (3)";"d¹browski";1;"urban_rural"
"606";"Prabuty (3)";"kwidzyñski";1;"urban_rural"
"607";"Sulêcin (3)";"sulêciñski";1;"urban_rural"
"608";"Krzepice (3)";"k³obucki";1;"urban_rural"
"609";"Drzewica (3)";"opoczyñski";1;"urban_rural"
"610";"£obez (3)";"³obeski";1;"urban_rural"
"611";"Moñki (3)";"moniecki";1;"urban_rural"
"612";"Lubsko (3)";"¿arski";1;"urban_rural"
"613";"Strzy¿ów (3)";"strzy¿owski";1;"urban_rural"
"614";"Skwierzyna (3)";"miêdzyrzecki";1;"urban_rural"
"615";"Dêbno (3)";"myœliborski";1;"urban_rural"
"616";"Kowalewo Pomorskie (3)";"golubsko-dobrzyñski";1;"urban_rural"
"617";"Paczków (3)";"nyski";1;"urban_rural"
"618";"Iwonicz-Zdrój (3)";"kroœnieñski";1;"urban_rural"
"619";"Chodecz (3)";"w³oc³awski";1;"urban_rural"
"620";"Karlino (3)";"bia³ogardzki";1;"urban_rural"
"621";"Z¹bkowice Œl¹skie (3)";"z¹bkowicki";1;"urban_rural"
"622";"Chorzele (3)";"przasnyski";1;"urban_rural"
"623";"Œmigiel (3)";"koœciañski";1;"urban_rural"
"624";"¯nin (3)";"¿niñski";1;"urban_rural"
"625";"Jab³onowo Pomorskie (3)";"brodnicki";1;"urban_rural"
"626";"Pilica (3)";"zawierciañski";1;"urban_rural"
"627";"Lubawka (3)";"kamiennogórski";1;"urban_rural"
"628";"Wêgorzewo (3)";"wêgorzewski";1;"urban_rural"
"629";"Gryfów Œl¹ski (3)";"lwówecki";1;"urban_rural"
"630";"B³aszki (3)";"sieradzki";1;"urban_rural"
"631";"Dobra (3)";"turecki";1;"urban_rural"
"632";"Dobra (3)";"³obeski";1;"urban_rural"
"633";"Z³oczew (3)";"sieradzki";1;"urban_rural"
"634";"Opoczno (3)";"opoczyñski";1;"urban_rural"
"635";"Ryki (3)";"rycki";1;"urban_rural"
"636";"Wleñ (3)";"lwówecki";1;"urban_rural"
"637";"Zakroczym (3)";"nowodworski";1;"urban_rural"
"638";"Mor¹g (3)";"ostródzki";1;"urban_rural"
"639";"Sompolno (3)";"koniñski";1;"urban_rural"
"640";"Nowa Dêba (3)";"tarnobrzeski";1;"urban_rural"
"641";"Sêpólno Krajeñskie (3)";"sêpoleñski";1;"urban_rural"
"642";"Skêpe (3)";"lipnowski";1;"urban_rural"
"643";"Krotoszyn (3)";"krotoszyñski";1;"urban_rural"
"644";"Lidzbark (3)";"dzia³dowski";1;"urban_rural"
"645";"Mrocza (3)";"nakielski";1;"urban_rural"
"646";"Biskupiec (3)";"olsztyñski";1;"urban_rural"
"647";"Wysoka (3)";"pilski";1;"urban_rural"
"648";"Chrzanów (3)";"chrzanowski";1;"urban_rural"
"649";"Drawno (3)";"choszczeñski";1;"urban_rural"
"650";"Barcin (3)";"¿niñski";1;"urban_rural"
"651";"Nak³o nad Noteci¹ (3)";"nakielski";1;"urban_rural"
"652";"Sêpopol (3)";"bartoszycki";1;"urban_rural"
"653";"Krzy¿ Wielkopolski (3)";"czarnkowsko-trzcianecki";1;"urban_rural"
"654";"Ozimek (3)";"opolski";1;"urban_rural"
"655";"I³¿a (3)";"radomski";1;"urban_rural"
"656";"Pisz (3)";"piski";1;"urban_rural"
"657";"Ma³omice (3)";"¿agañski";1;"urban_rural"
"658";"Wschowa (3)";"wschowski";1;"urban_rural"
"659";"Rzepin (3)";"s³ubicki";1;"urban_rural"
"660";"Czchów (3)";"brzeski";1;"urban_rural"
"661";"Lwówek Œl¹ski (3)";"lwówecki";1;"urban_rural"
"662";"Chojna (3)";"gryfiñski";1;"urban_rural"
"663";"Resko (3)";"³obeski";1;"urban_rural"
"664";"Polanów (3)";"koszaliñski";1;"urban_rural"
"665";"P³oty (3)";"gryficki";1;"urban_rural"
"666";"Korsze (3)";"kêtrzyñski";1;"urban_rural"
"667";"Dobiegniew (3)";"strzelecko-drezdenecki";1;"urban_rural"
"668";"Maków Podhalañski (3)";"suski";1;"urban_rural"
"669";"Kunów (3)";"ostrowiecki";1;"urban_rural"
"670";"Leœnica (3)";"strzelecki";1;"urban_rural"
"671";"Bojanowo (3)";"rawicki";1;"urban_rural"
"672";"G³uszyca (3)";"wa³brzyski";1;"urban_rural"
"673";"Piwniczna-Zdrój (3)";"nowos¹decki";1;"urban_rural"
"674";"Bia³a Rawska (3)";"rawski";1;"urban_rural"
"675";"Lubieñ Kujawski (3)";"w³oc³awski";1;"urban_rural"
"676";"Drawsko Pomorskie (3)";"drawski";1;"urban_rural"
"677";"Orneta (3)";"lidzbarski";1;"urban_rural"
"678";"G¹bin (3)";"p³ocki";1;"urban_rural"
"679";"Dobrzyñ nad Wis³¹ (3)";"lipnowski";1;"urban_rural"
"680";"Przemków (3)";"polkowicki";1;"urban_rural"
"681";"Leœna (3)";"lubañski";1;"urban_rural"
"682";"Lesko (3)";"leski";1;"urban_rural"
"683";"Zwoleñ (3)";"zwoleñski";1;"urban_rural"
"684";"Staszów (3)";"staszowski";1;"urban_rural"
"685";"Pieñsk (3)";"zgorzelecki";1;"urban_rural"
"686";"Goœcino (3)";" ";1;"urban_rural"
"687";"Izbica Kujawska (3)";"w³oc³awski";1;"urban_rural"
"688";"Drezdenko (3)";"strzelecko-drezdenecki";1;"urban_rural"
"689";"Zaklików (3)";"stalowowolski";1;"urban_rural"
"690";"Kruszwica (3)";"inowroc³awski";1;"urban_rural"
"691";"Pyzdry (3)";"wrzesiñski";1;"urban_rural"
"692";"M³ynary (3)";"elbl¹ski";1;"urban_rural"
"693";"Wolbrom (3)";"olkuski";1;"urban_rural"
"694";"Zator (3)";"oœwiêcimski";1;"urban_rural"
"695";"Nisko (3)";"ni¿añski";1;"urban_rural"
"696";"Susz (3)";"i³awski";1;"urban_rural"
"697";"Bie¿uñ (3)";"¿uromiñski";1;"urban_rural"
"698";"Stopnica (3)";"buski";1;"urban_rural"
"699";"Szlichtyngowa (3)";"wschowski";1;"urban_rural"
"700";"Wêgliniec (3)";"zgorzelecki";1;"urban_rural"
"701";"Choszczno (3)";"choszczeñski";1;"urban_rural"
"702";"Jedlicze (3)";"kroœnieñski";1;"urban_rural"
"703";"W³oszczowa (3)";"w³oszczowski";1;"urban_rural"
"704";"Sêdziszów Ma³opolski (3)";"ropczycko-sêdziszowski";1;"urban_rural"
"705";"Strzelce Opolskie (3)";"strzelecki";1;"urban_rural"
"706";"K³odawa (3)";"kolski";1;"urban_rural"
"707";"Miros³awiec (3)";"wa³ecki";1;"urban_rural"
"708";"Cz³opa (3)";"wa³ecki";1;"urban_rural"
"709";"Dolsk (3)";"œremski";1;"urban_rural"
"710";"Miêdzybórz (3)";"oleœnicki";1;"urban_rural"
"711";"G³ogówek (3)";"prudnicki";1;"urban_rural"
"712";"Proszowice (3)";"proszowicki";1;"urban_rural"
"713";"Grodków (3)";"brzeski";1;"urban_rural"
"714";"Trzebiatów (3)";"gryficki";1;"urban_rural"
"715";"K³ecko (3)";"gnieŸnieñski";1;"urban_rural"
"716";"Zwierzyniec (3)";"zamojski";1;"urban_rural"
"717";"Szamocin (3)";"chodzieski";1;"urban_rural"
"718";"Bystrzyca K³odzka (3)";"k³odzki";1;"urban_rural"
"719";"Przedecz (3)";"kolski";1;"urban_rural"
"720";"Olesno (3)";"oleski";1;"urban_rural"
"721";"Wiêcbork (3)";"sêpoleñski";1;"urban_rural"
"722";"Radomyœl Wielki (3)";"mielecki";1;"urban_rural"
"723";"Poddêbice (3)";"poddêbicki";1;"urban_rural"
"724";"Byczyna (3)";"kluczborski";1;"urban_rural"
"725";"Czarna Bia³ostocka (3)";"bia³ostocki";1;"urban_rural"
"726";"¯elechów (3)";"garwoliñski";1;"urban_rural"
"727";"Æmielów (3)";"ostrowiecki";1;"urban_rural"
"728";"¯migród (3)";"trzebnicki";1;"urban_rural"
"729";"Szyd³owiec (3)";"szyd³owiecki";1;"urban_rural"
"730";"Uniejów (3)";"poddêbicki";1;"urban_rural"
"731";"Ustrzyki Dolne (3)";"bieszczadzki";1;"urban_rural"
"732";"Prószków (3)";"opolski";1;"urban_rural"
"733";"Lubraniec (3)";"w³oc³awski";1;"urban_rural"
"734";"Drobin (3)";"p³ocki";1;"urban_rural"
"735";"Jeziorany (3)";"olsztyñski";1;"urban_rural"
"736";"Wi¹zów (3)";"strzeliñski";1;"urban_rural"
"737";"Che³mek (3)";"oœwiêcimski";1;"urban_rural"
"738";"Strzelce Krajeñskie (3)";"strzelecko-drezdenecki";1;"urban_rural"
"739";"Wyœmierzyce (3)";"bia³obrzeski";1;"urban_rural"
"740";"£asin (3)";"grudzi¹dzki";1;"urban_rural"
"741";"Szczekociny (3)";"zawierciañski";1;"urban_rural"
"742";"Wadowice (3)";"wadowicki";1;"urban_rural"
"743";"Opole Lubelskie (3)";"opolski";1;"urban_rural"
"744";"Barlinek (3)";"myœliborski";1;"urban_rural"
"745";"K³obuck (3)";"k³obucki";1;"urban_rural"
"746";"Krapkowice (3)";"krapkowicki";1;"urban_rural"
"747";"Strzelno (3)";"mogileñski";1;"urban_rural"
"748";"£ob¿enica (3)";"pilski";1;"urban_rural"
"749";"Ko¿uchów (3)";"nowosolski";1;"urban_rural"
"750";"W¹sosz (3)";"górowski";1;"urban_rural"
"751";"Gniew (3)";"tczewski";1;"urban_rural"
"752";"Strzegom (3)";"œwidnicki";1;"urban_rural"
"753";"Kolonowskie (3)";"strzelecki";1;"urban_rural"
"754";"Œwiebodzin (3)";"œwiebodziñski";1;"urban_rural"
"755";"Moryñ (3)";"gryfiñski";1;"urban_rural"
"756";"Go³dap (3)";"go³dapski";1;"urban_rural"
"757";"Szczebrzeszyn (3)";"zamojski";1;"urban_rural"
"758";"Miejska Górka (3)";"rawicki";1;"urban_rural"
"759";"Dobrzyca (3)";"pleszewski";1;"urban_rural"
"760";"Annopol (3)";"kraœnicki";1;"urban_rural"
"761";"Pelplin (3)";"tczewski";1;"urban_rural"
"762";"G³ucho³azy (3)";"nyski";1;"urban_rural"
"763";"Soko³ów Ma³opolski (3)";"rzeszowski";1;"urban_rural"
"764";"£ochów (3)";"wêgrowski";1;"urban_rural"
"765";"Po³czyn-Zdrój (3)";"œwidwiñski";1;"urban_rural"
"766";"Micha³owo (3)";"bia³ostocki";1;"urban_rural"
"767";"Nowa Sarzyna (3)";"le¿ajski";1;"urban_rural"
"768";"Szepietowo (3)";"wysokomazowiecki";1;"urban_rural"
"769";"Go³añcz (3)";"w¹growiecki";1;"urban_rural"
"770";"Kietrz (3)";"g³ubczycki";1;"urban_rural"
"771";"Góra (3)";"górowski";1;"urban_rural"
"772";"Otmuchów (3)";"nyski";1;"urban_rural"
"773";"Kosów Lacki (3)";"soko³owski";1;"urban_rural"
"774";"Tuliszków (3)";"turecki";1;"urban_rural"
"775";"Dzierzgoñ (3)";"sztumski";1;"urban_rural"
"776";"Niemodlin (3)";"opolski";1;"urban_rural"
"777";"Kolbuszowa (3)";"kolbuszowski";1;"urban_rural"
"778";"£aszczów (3)";"tomaszowski";1;"urban_rural"
"779";"Busko-Zdrój (3)";"buski";1;"urban_rural"
"780";"Biecz (3)";"gorlicki";1;"urban_rural"
"781";"Okonek (3)";"z³otowski";1;"urban_rural"
"782";"Mrozy (3)";"miñski";1;"urban_rural"
"783";"Stary S¹cz (3)";"nowos¹decki";1;"urban_rural"
"784";"Cieszanów (3)";"lubaczowski";1;"urban_rural"
"785";"Kcynia (3)";"nakielski";1;"urban_rural"
"786";"Muszyna (3)";"nowos¹decki";1;"urban_rural"
"787";"Lwówek (3)";"nowotomyski";1;"urban_rural"
"788";"Wieleñ (3)";"czarnkowsko-trzcianecki";1;"urban_rural"
"789";"Tuchów (3)";"tarnowski";1;"urban_rural"
"790";"Koñskie (3)";"konecki";1;"urban_rural"
"791";"Wo³czyn (3)";"kluczborski";1;"urban_rural"
"792";"Borek Wielkopolski (3)";"gostyñski";1;"urban_rural"
"793";"Drohiczyn (3)";"siemiatycki";1;"urban_rural"
"794";"Pruchnik (3)";"jaros³awski";1;"urban_rural"
"795";"Chocz (3)";"pleszewski";1;"urban_rural"
"796";"St¹porków (3)";"konecki";1;"urban_rural"
"797";"Przysucha (3)";"przysuski";1;"urban_rural"
"798";"Ulanów (3)";"ni¿añski";1;"urban_rural"
"799";"B³a¿owa (3)";"rzeszowski";1;"urban_rural"
"800";"Dukla (3)";"kroœnieñski";1;"urban_rural"
"801";"Lipiany (3)";"pyrzycki";1;"urban_rural"
"802";"Barwice (3)";"szczecinecki";1;"urban_rural"
"803";"Prudnik (3)";"prudnicki";1;"urban_rural"
"804";"¯abno (3)";"tarnowski";1;"urban_rural"
"805";"Myszyniec (3)";"ostro³êcki";1;"urban_rural"
"806";"Lubniewice (3)";"sulêciñski";1;"urban_rural"
"807";"Toszek (3)";"gliwicki";1;"urban_rural"
"808";"Koniecpol (3)";"czêstochowski";1;"urban_rural"
"809";"Bytom Odrzañski (3)";"nowosolski";1;"urban_rural"
"810";"Sieniawa (3)";"przeworski";1;"urban_rural"
"811";"Kroœniewice (3)";"kutnowski";1;"urban_rural"
"812";"Tykocin (3)";"bia³ostocki";1;"urban_rural"
"813";"Gniewkowo (3)";"inowroc³awski";1;"urban_rural"
"814";"Nowe (3)";"œwiecki";1;"urban_rural"
"815";"Bogatynia (3)";"zgorzelecki";1;"urban_rural"
"816";"Jêdrzejów (3)";"jêdrzejowski";1;"urban_rural"
"817";"Ryglice (3)";"tarnowski";1;"urban_rural"
"818";"Bia³a Piska (3)";"piski";1;"urban_rural"
"819";"Kobylin (3)";"krotoszyñski";1;"urban_rural"
"820";"¯uromin (3)";"¿uromiñski";1;"urban_rural"
"821";"Osiek (3)";"staszowski";1;"urban_rural"
"822";"Wêgorzyno (3)";"³obeski";1;"urban_rural"
"823";"Zelów (3)";"be³chatowski";1;"urban_rural"
"824";"Nidzica (3)";"nidzicki";1;"urban_rural"
"825";"WoŸniki (3)";"lubliniecki";1;"urban_rural"
"826";"Tarnogród (3)";"bi³gorajski";1;"urban_rural"
"827";"Ziêbice (3)";"z¹bkowicki";1;"urban_rural"
"828";"Ostrów Lubelski (3)";"lubartowski";1;"urban_rural"
"829";"Dzia³oszyce (3)";"piñczowski";1;"urban_rural"
"830";"Szprotawa (3)";"¿agañski";1;"urban_rural"
"831";"Korfantów (3)";"nyski";1;"urban_rural"
"832";"Ko³aczyce (3)";"jasielski";1;"urban_rural"
"833";"Brzostek (3)";"dêbicki";1;"urban_rural"
"834";"Nowe Miasteczko (3)";"nowosolski";1;"urban_rural"
"835";"Kock (3)";"lubartowski";1;"urban_rural"
"836";"Zakliczyn (3)";"tarnowski";1;"urban_rural"
"837";"Trzciñsko-Zdrój (3)";"gryfiñski";1;"urban_rural"
"838";"Koprzywnica (3)";"sandomierski";1;"urban_rural"
"839";"Czy¿ew (3)";"wysokomazowiecki";1;"urban_rural"
"840";"Blachownia (3)";"czêstochowski";1;"urban_rural"
"841";"Radków (3)";"k³odzki";1;"urban_rural"
"842";"Iñsko (3)";"stargardzki";1;"urban_rural"
"843";"Modliborzyce (3)";"janowski";1;"urban_rural"
"844";"Szczawnica (3)";"nowotarski";1;"urban_rural"
"845";"I³owa (3)";"¿agañski";1;"urban_rural"
"846";"Lewin Brzeski (3)";"brzeski";1;"urban_rural"
"847";"Ciechanowiec (3)";"wysokomazowiecki";1;"urban_rural"
"848";"Jedwabne (3)";"³om¿yñski";1;"urban_rural"
"849";"Bobolice (3)";"koszaliñski";1;"urban_rural"
"850";"Niemcza (3)";"dzier¿oniowski";1;"urban_rural"
"851";"G³ubczyce (3)";"g³ubczycki";1;"urban_rural"
"852";"Piñczów (3)";"piñczowski";1;"urban_rural"
"853";"Zawadzkie (3)";"strzelecki";1;"urban_rural"
"854";"Mieszkowice (3)";"gryfiñski";1;"urban_rural"
"855";"D¹browa Bia³ostocka (3)";"sokólski";1;"urban_rural"
"856";"Goni¹dz (3)";"moniecki";1;"urban_rural"
"857";"D¹brówka (2)";"wo³omiñski";0;"rural"
"858";"Andrespol (2)";"³ódzki wschodni";0;"rural"
"859";"Dêbe Wielkie (2)";"miñski";0;"rural"
"860";"Obrowo (2)";"toruñski";0;"rural"
"861";"Szemud (2)";"wejherowski";0;"rural"
"862";"Wielka Nieszawka (2)";"toruñski";0;"rural"
"863";"Chmielno (2)";"kartuski";0;"rural"
"864";"Pilchowice (2)";"gliwicki";0;"rural"
"865";"Wyry (2)";"miko³owski";0;"rural"
"866";"D³ugo³êka (2)";"wroc³awski";0;"rural"
"867";"Miñsk Mazowiecki (2)";"miñski";0;"rural"
"868";"Pabianice (2)";"pabianicki";0;"rural"
"869";"Dobrcz (2)";"bydgoski";0;"rural"
"870";"Jaktorów (2)";"grodziski";0;"rural"
"871";"KaŸmierz (2)";"szamotulski";0;"rural"
"872";"Luzino (2)";"wejherowski";0;"rural"
"873";"Wi¹zowna (2)";"otwocki";0;"rural"
"874";"Sierakowice (2)";"kartuski";0;"rural"
"875";"Œwiêciechowa (2)";"leszczyñski";0;"rural"
"876";"Wejherowo (2)";"wejherowski";0;"rural"
"877";"Œwierklaniec (2)";"tarnogórski";0;"rural"
"878";"Ludwin (2)";"³êczyñski";0;"rural"
"879";"Wielka Wieœ (2)";"krakowski";0;"rural"
"880";"Kocmyrzów-Luborzyca (2)";"krakowski";0;"rural"
"881";"G³usk (2)";"lubelski";0;"rural"
"882";"Jasienica (2)";"bielski";0;"rural"
"883";"Radziejowice (2)";"¿yrardowski";0;"rural"
"884";"Pra¿mów (2)";"piaseczyñski";0;"rural"
"885";"Krasne (2)";"rzeszowski";0;"rural"
"886";"Krasne (2)";"przasnyski";0;"rural"
"887";"W³oszakowice (2)";"leszczyñski";0;"rural"
"888";"Lutomiersk (2)";"pabianicki";0;"rural"
"889";"Komorniki (2)";"poznañski";0;"rural"
"890";"Dopiewo (2)";"poznañski";0;"rural"
"891";"Pruszcz Gdañski (2)";"gdañski";0;"rural"
"892";"Kosakowo (2)";"pucki";0;"rural"
"893";"Zielonki (2)";"krakowski";0;"rural"
"894";"Gaszowice (2)";"rybnicki";0;"rural"
"895";"Godziesze Wielkie (2)";"kaliski";0;"rural"
"896";"Biskupice (2)";"wielicki";0;"rural"
"897";"Turek (2)";"turecki";0;"rural"
"898";"Kobierzyce (2)";"wroc³awski";0;"rural"
"899";"Stare Babice (2)";"warszawski zachodni";0;"rural"
"900";"Nêdza (2)";"raciborski";0;"rural"
"901";"Rzekuñ (2)";"ostro³êcki";0;"rural"
"902";"Sochaczew (2)";"sochaczewski";0;"rural"
"903";"£añcut (2)";"³añcucki";0;"rural"
"904";"¯abia Wola (2)";"grodziski";0;"rural"
"905";"Nieporêt (2)";"legionowski";0;"rural"
"906";"Juchnowiec Koœcielny (2)";"bia³ostocki";0;"rural"
"907";"Kolbudy (2)";"gdañski";0;"rural"
"908";"Trzebownisko (2)";"rzeszowski";0;"rural"
"909";"Liszki (2)";"krakowski";0;"rural"
"910";"Kleszczów (2)";"be³chatowski";0;"rural"
"911";"Koniusza (2)";"proszowicki";0;"rural"
"912";"¯egocina (2)";"bocheñski";0;"rural"
"913";"Nadarzyn (2)";"pruszkowski";0;"rural"
"914";"Gózd (2)";"radomski";0;"rural"
"915";"Kleszczewo (2)";"poznañski";0;"rural"
"916";"Rokietnica (2)";"poznañski";0;"rural"
"917";"Rokietnica (2)";"jaros³awski";0;"rural"
"918";"Tokarnia (2)";"myœlenicki";0;"rural"
"919";"Mierzêcice (2)";"bêdziñski";0;"rural"
"920";"Bia³e B³ota (2)";"bydgoski";0;"rural"
"921";"¯órawina (2)";"wroc³awski";0;"rural"
"922";"Psary (2)";"bêdziñski";0;"rural"
"923";"Wieliszew (2)";"legionowski";0;"rural"
"924";"Zawonia (2)";"trzebnicki";0;"rural"
"925";"Bestwina (2)";"bielski";0;"rural"
"926";"Mszana (2)";"wodzis³awski";0;"rural"
"927";"S³upsk (2)";"s³upski";0;"rural"
"928";"S³upno (2)";"p³ocki";0;"rural"
"929";"Ornontowice (2)";"miko³owski";0;"rural"
"930";"Dobra (Szczeciñska) (2)";"policki";0;"rural"
"931";"Olsztyn (2)";"czêstochowski";0;"rural"
"932";"Raciechowice (2)";"myœlenicki";0;"rural"
"933";"Zapolice (2)";"zduñskowolski";0;"rural"
"934";"Cekcyn (2)";"tucholski";0;"rural"
"935";"Buczkowice (2)";"bielski";0;"rural"
"936";"Godzianów (2)";"skierniewicki";0;"rural"
"937";"Turawa (2)";"opolski";0;"rural"
"938";"Siepraw (2)";"myœlenicki";0;"rural"
"939";"Rogów (2)";"brzeziñski";0;"rural"
"940";"Kroœcienko nad Dunajcem (2)";"nowotarski";0;"rural"
"941";"Be³chatów (2)";"be³chatowski";0;"rural"
"942";"Zaniemyœl (2)";"œredzki";0;"rural"
"943";"Z³awieœ Wielka (2)";"toruñski";0;"rural"
"944";"Tarnowo Podgórne (2)";"poznañski";0;"rural"
"945";"Legnickie Pole (2)";"legnicki";0;"rural"
"946";"Czernica (2)";"wroc³awski";0;"rural"
"947";"Miêkinia (2)";"œredzki";0;"rural"
"948";"Œwierklany (2)";"rybnicki";0;"rural"
"949";"Ko³baskowo (2)";"policki";0;"rural"
"950";"Miedzichowo (2)";"nowotomyski";0;"rural"
"951";"Wisznia Ma³a (2)";"trzebnicki";0;"rural"
"952";"Przodkowo (2)";"kartuski";0;"rural"
"953";"Puchaczów (2)";"³êczyñski";0;"rural"
"954";"Osielsko (2)";"bydgoski";0;"rural"
"955";"Somonino (2)";"kartuski";0;"rural"
"956";"Dubicze Cerkiewne (2)";"hajnowski";0;"rural"
"957";"Ko³biel (2)";"otwocki";0;"rural"
"958";"£ubowo (2)";"gnieŸnieñski";0;"rural"
"959";"Siennica (2)";"miñski";0;"rural"
"960";"Tomice (2)";"wadowicki";0;"rural"
"961";"Lipnica Murowana (2)";"bocheñski";0;"rural"
"962";"Brochów (2)";"sochaczewski";0;"rural"
"963";"Szczytno (2)";"szczycieñski";0;"rural"
"964";"Mogilany (2)";"krakowski";0;"rural"
"965";"Kozy (2)";"bielski";0;"rural"
"966";"Stawiguda (2)";"olsztyñski";0;"rural"
"967";"Pszczó³ki (2)";"gdañski";0;"rural"
"968";"Suchy Las (2)";"poznañski";0;"rural"
"969";"Rokiciny (2)";"tomaszowski";0;"rural"
"970";"Wojciechów (2)";"lubelski";0;"rural"
"971";"Brójce (2)";"³ódzki wschodni";0;"rural"
"972";"Kobylnica (2)";"s³upski";0;"rural"
"973";"Dêbowiec (2)";"cieszyñski";0;"rural"
"974";"Dêbowiec (2)";"jasielski";0;"rural"
"975";"Strzy¿ewice (2)";"lubelski";0;"rural"
"976";"Nowe Miasto (2)";"p³oñski";0;"rural"
"977";"Œwieszyno (2)";"koszaliñski";0;"rural"
"978";"Gzy (2)";"pu³tuski";0;"rural"
"979";"Lubin (2)";"lubiñski";0;"rural"
"980";"Górzno (2)";"garwoliñski";0;"rural"
"981";"Dobroszyce (2)";"oleœnicki";0;"rural"
"982";"Lesznowola (2)";"piaseczyñski";0;"rural"
"983";"Siedlce (2)";"siedlecki";0;"rural"
"984";"Osieck (2)";"otwocki";0;"rural"
"985";"Biesiekierz (2)";"koszaliñski";0;"rural"
"986";"Tomaszów Mazowiecki (2)";"tomaszowski";0;"rural"
"987";"Puszcza Mariañska (2)";"¿yrardowski";0;"rural"
"988";"Parzêczew (2)";"zgierski";0;"rural"
"989";"Kocza³a (2)";"cz³uchowski";0;"rural"
"990";"Sobienie-Jeziory (2)";"otwocki";0;"rural"
"991";"Lewin K³odzki (2)";"k³odzki";0;"rural"
"992";"Czerwonak (2)";"poznañski";0;"rural"
"993";"Che³m Œl¹ski (2)";"bieruñsko-lêdziñski";0;"rural"
"994";"Górno (2)";"kielecki";0;"rural"
"995";"Przechlewo (2)";"cz³uchowski";0;"rural"
"996";"K³odzko (2)";"k³odzki";0;"rural"
"997";"£odygowice (2)";"¿ywiecki";0;"rural"
"998";"Dalików (2)";"poddêbicki";0;"rural"
"999";"Zabierzów (2)";"krakowski";0;"rural"
"1000";"Lelów (2)";"czêstochowski";0;"rural"
"1001";"Trzebiechów (2)";"zielonogórski";0;"rural"
"1002";"Bêdzino (2)";"koszaliñski";0;"rural"
"1003";"Wólka (2)";"lubelski";0;"rural"
"1004";"D³utów (2)";"pabianicki";0;"rural"
"1005";"Jaworze (2)";"bielski";0;"rural"
"1006";"Che³mno (2)";"che³miñski";0;"rural"
"1007";"Dobrzyniewo Du¿e (2)";"bia³ostocki";0;"rural"
"1008";"Kobylanka (2)";"stargardzki";0;"rural"
"1009";"Stare Miasto (2)";"koniñski";0;"rural"
"1010";"Warta Boles³awiecka (2)";"boles³awiecki";0;"rural"
"1011";"Garbatka-Letnisko (2)";"kozienicki";0;"rural"
"1012";"D¹browa Che³miñska (2)";"bydgoski";0;"rural"
"1013";"Blizanów (2)";"kaliski";0;"rural"
"1014";"Klembów (2)";"wo³omiñski";0;"rural"
"1015";"Jonkowo (2)";"olsztyñski";0;"rural"
"1016";"Bobrowniki (2)";"bêdziñski";0;"rural"
"1017";"Bobrowniki (2)";"lipnowski";0;"rural"
"1018";"Santok (2)";"gorzowski";0;"rural"
"1019";"Koœcierzyna (2)";"koœcierski";0;"rural"
"1020";"Wilga (2)";"garwoliñski";0;"rural"
"1021";"Gilowice (2)";"¿ywiecki";0;"rural"
"1022";"Krzykosy (2)";"œredzki";0;"rural"
"1023";"Janowice Wielkie (2)";"jeleniogórski";0;"rural"
"1024";"Ko³o (2)";"kolski";0;"rural"
"1025";"Kotlin (2)";"jarociñski";0;"rural"
"1026";"Kurzêtnik (2)";"nowomiejski";0;"rural"
"1027";"Przywidz (2)";"gdañski";0;"rural"
"1028";"Szyd³owo (2)";"pilski";0;"rural"
"1029";"Szyd³owo (2)";"m³awski";0;"rural"
"1030";"Stargard (2)";"stargardzki";0;"rural"
"1031";"Pokój (2)";"namys³owski";0;"rural"
"1032";"G³ogów (2)";"g³ogowski";0;"rural"
"1033";"£ubianka (2)";"toruñski";0;"rural"
"1034";"Ksawerów (2)";"pabianicki";0;"rural"
"1035";"Deszczno (2)";"gorzowski";0;"rural"
"1036";"Lipnica (2)";"bytowski";0;"rural"
"1037";"Rozdra¿ew (2)";"krotoszyñski";0;"rural"
"1038";"£opuszno (2)";"kielecki";0;"rural"
"1039";"Gdów (2)";"wielicki";0;"rural"
"1040";"Radomsko (2)";"radomszczañski";0;"rural"
"1041";"Baka³arzewo (2)";"suwalski";0;"rural"
"1042";"Grudzi¹dz (2)";"grudzi¹dzki";0;"rural"
"1043";"Raszyn (2)";"pruszkowski";0;"rural"
"1044";"Budziszewice (2)";"tomaszowski";0;"rural"
"1045";"Nowa Wieœ Wielka (2)";"bydgoski";0;"rural"
"1046";"Chojnice (2)";"chojnicki";0;"rural"
"1047";"Puck (2)";"pucki";0;"rural"
"1048";"Wieprz (2)";"wadowicki";0;"rural"
"1049";"Granowo (2)";"grodziski";0;"rural"
"1050";"Gietrzwa³d (2)";"olsztyñski";0;"rural"
"1051";"Suwa³ki (2)";"suwalski";0;"rural"
"1052";"Paw³owice (2)";"pszczyñski";0;"rural"
"1053";"Zadzim (2)";"poddêbicki";0;"rural"
"1054";"Kotuñ (2)";"siedlecki";0;"rural"
"1055";"Jordanów Œl¹ski (2)";"wroc³awski";0;"rural"
"1056";"Pomiechówek (2)";"nowodworski";0;"rural"
"1057";"Mi³kowice (2)";"legnicki";0;"rural"
"1058";"Serniki (2)";"lubartowski";0;"rural"
"1059";"Czosnów (2)";"nowodworski";0;"rural"
"1060";"Tczew (2)";"tczewski";0;"rural"
"1061";"S³awno (2)";"opoczyñski";0;"rural"
"1062";"S³awno (2)";"s³awieñski";0;"rural"
"1063";"Jeziorzany (2)";"lubartowski";0;"rural"
"1064";"KoŸminek (2)";"kaliski";0;"rural"
"1065";"Bierawa (2)";"kêdzierzyñsko-kozielski";0;"rural"
"1066";"Filipów (2)";"suwalski";0;"rural"
"1067";"Go³uchów (2)";"pleszewski";0;"rural"
"1068";"Che³m (2)";"che³mski";0;"rural"
"1069";"Wiœniowa (2)";"myœlenicki";0;"rural"
"1070";"Wiœniowa (2)";"strzy¿owski";0;"rural"
"1071";"Brenna (2)";"cieszyñski";0;"rural"
"1072";"Sypniewo (2)";"makowski";0;"rural"
"1073";"Dywity (2)";"olsztyñski";0;"rural"
"1074";"Ustka (2)";"s³upski";0;"rural"
"1075";"Cisna (2)";"leski";0;"rural"
"1076";"Mas³ów (2)";"kielecki";0;"rural"
"1077";"Stanis³awów (2)";"miñski";0;"rural"
"1078";"Ostaszewo (2)";"nowodworski";0;"rural"
"1079";"Dziemiany (2)";"koœcierski";0;"rural"
"1080";"Domaniewice (2)";"³owicki";0;"rural"
"1081";"Celestynów (2)";"otwocki";0;"rural"
"1082";"Trzciana (2)";"bocheñski";0;"rural"
"1083";"Krzy¿anów (2)";"kutnowski";0;"rural"
"1084";"Z³otów (2)";"z³otowski";0;"rural"
"1085";"Rzewnie (2)";"makowski";0;"rural"
"1086";"Przykona (2)";"turecki";0;"rural"
"1087";"Kamieniec (2)";"grodziski";0;"rural"
"1088";"Manowo (2)";"koszaliñski";0;"rural"
"1089";"Jemielnica (2)";"strzelecki";0;"rural"
"1090";"Nowa Sól (2)";"nowosolski";0;"rural"
"1091";"Œwilcza (2)";"rzeszowski";0;"rural"
"1092";"E³k (2)";"e³cki";0;"rural"
"1093";"Brudzeñ Du¿y (2)";"p³ocki";0;"rural"
"1094";"Strzeleczki (2)";"krapkowicki";0;"rural"
"1095";"Piekoszów (2)";"kielecki";0;"rural"
"1096";"Skierniewice (2)";"skierniewicki";0;"rural"
"1097";"Jod³ownik (2)";"limanowski";0;"rural"
"1098";"Konopiska (2)";"czêstochowski";0;"rural"
"1099";"Przygodzice (2)";"ostrowski";0;"rural"
"1100";"£ysomice (2)";"toruñski";0;"rural"
"1101";"Grybów (2)";"nowos¹decki";0;"rural"
"1102";"Tarnawatka (2)";"tomaszowski";0;"rural"
"1103";"Stryszawa (2)";"suski";0;"rural"
"1104";"Korczyna (2)";"kroœnieñski";0;"rural"
"1105";"Pniewy (2)";"grójecki";0;"rural"
"1106";"Dobroñ (2)";"pabianicki";0;"rural"
"1107";"Ustronie Morskie (2)";"ko³obrzeski";0;"rural"
"1108";"Bojszowy (2)";"bieruñsko-lêdziñski";0;"rural"
"1109";"Przemêt (2)";"wolsztyñski";0;"rural"
"1110";"K³aj (2)";"wielicki";0;"rural"
"1111";"Pu³awy (2)";"pu³awski";0;"rural"
"1112";"Che³miec (2)";"nowos¹decki";0;"rural"
"1113";"Be³¿ec (2)";"tomaszowski";0;"rural"
"1114";"Sulêczyno (2)";"kartuski";0;"rural"
"1115";"Rzezawa (2)";"bocheñski";0;"rural"
"1116";"MiedŸna (2)";"pszczyñski";0;"rural"
"1117";"Suszec (2)";"pszczyñski";0;"rural"
"1118";"Niemce (2)";"lubelski";0;"rural"
"1119";"Bochnia (2)";"bocheñski";0;"rural"
"1120";"Duszniki (2)";"szamotulski";0;"rural"
"1121";"Bralin (2)";"kêpiñski";0;"rural"
"1122";"Lubasz (2)";"czarnkowsko-trzcianecki";0;"rural"
"1123";"Osjaków (2)";"wieluñski";0;"rural"
"1124";"Secemin (2)";"w³oszczowski";0;"rural"
"1125";"Godów (2)";"wodzis³awski";0;"rural"
"1126";"Pysznica (2)";"stalowowolski";0;"rural"
"1127";"Kamienica Polska (2)";"czêstochowski";0;"rural"
"1128";"Chybie (2)";"cieszyñski";0;"rural"
"1129";"Ciechanów (2)";"ciechanowski";0;"rural"
"1130";"Spiczyn (2)";"³êczyñski";0;"rural"
"1131";"Krzêcin (2)";"choszczeñski";0;"rural"
"1132";"Sicienko (2)";"bydgoski";0;"rural"
"1133";"Dziadowa K³oda (2)";"oleœnicki";0;"rural"
"1134";"Czerniewice (2)";"tomaszowski";0;"rural"
"1135";"Czerwin (2)";"ostro³êcki";0;"rural"
"1136";"Stara B³otnica (2)";"bia³obrzeski";0;"rural"
"1137";"Dobrzeñ Wielki (2)";"opolski";0;"rural"
"1138";"Bi³goraj (2)";"bi³gorajski";0;"rural"
"1139";"Strawczyn (2)";"kielecki";0;"rural"
"1140";"Zblewo (2)";"starogardzki";0;"rural"
"1141";"Studzienice (2)";"bytowski";0;"rural"
"1142";"Starogard Gdañski (2)";"starogardzki";0;"rural"
"1143";"Garwolin (2)";"garwoliñski";0;"rural"
"1144";"£apsze Ni¿ne (2)";"nowotarski";0;"rural"
"1145";"Chmielnik (2)";"rzeszowski";0;"rural"
"1146";"Urszulin (2)";"w³odawski";0;"rural"
"1147";"Lipusz (2)";"koœcierski";0;"rural"
"1148";"Mstów (2)";"czêstochowski";0;"rural"
"1149";"NiedŸwiedŸ (2)";"limanowski";0;"rural"
"1150";"Grêbków (2)";"wêgrowski";0;"rural"
"1151";"Dragacz (2)";"œwiecki";0;"rural"
"1152";"Tczów (2)";"zwoleñski";0;"rural"
"1153";"Papowo Biskupie (2)";"che³miñski";0;"rural"
"1154";"Burzenin (2)";"sieradzki";0;"rural"
"1155";"Koœcian (2)";"koœciañski";0;"rural"
"1156";"Pozezdrze (2)";"wêgorzewski";0;"rural"
"1157";"Podegrodzie (2)";"nowos¹decki";0;"rural"
"1158";"Sawin (2)";"che³mski";0;"rural"
"1159";"Szczerców (2)";"be³chatowski";0;"rural"
"1160";"Rutka-Tartak (2)";"suwalski";0;"rural"
"1161";"Bolimów (2)";"skierniewicki";0;"rural"
"1162";"Zbros³awice (2)";"tarnogórski";0;"rural"
"1163";"Krotoszyce (2)";"legnicki";0;"rural"
"1164";"Krupski M³yn (2)";"tarnogórski";0;"rural"
"1165";"Tworóg (2)";"tarnogórski";0;"rural"
"1166";"£¹cko (2)";"nowos¹decki";0;"rural"
"1167";"Pakos³aw (2)";"rawicki";0;"rural"
"1168";"Trojanów (2)";"garwoliñski";0;"rural"
"1169";"Terespol (2)";"bialski";0;"rural"
"1170";"Miedziana Góra (2)";"kielecki";0;"rural"
"1171";"Nowa Sucha (2)";"sochaczewski";0;"rural"
"1172";"Mietków (2)";"wroc³awski";0;"rural"
"1173";"Koszêcin (2)";"lubliniecki";0;"rural"
"1174";"£ukowica (2)";"limanowski";0;"rural"
"1175";"O¿arowice (2)";"tarnogórski";0;"rural"
"1176";"Ciep³owody (2)";"z¹bkowicki";0;"rural"
"1177";"Kroœnice (2)";"milicki";0;"rural"
"1178";"Trzydnik Du¿y (2)";"kraœnicki";0;"rural"
"1179";"Chrzypsko Wielkie (2)";"miêdzychodzki";0;"rural"
"1180";"Lubichowo (2)";"starogardzki";0;"rural"
"1181";"Gozdowo (2)";"sierpecki";0;"rural"
"1182";"Mokobody (2)";"siedlecki";0;"rural"
"1183";"Krzemieniewo (2)";"leszczyñski";0;"rural"
"1184";"Podgórzyn (2)";"jeleniogórski";0;"rural"
"1185";"Mieleszyn (2)";"gnieŸnieñski";0;"rural"
"1186";"Wielgom³yny (2)";"radomszczañski";0;"rural"
"1187";"Mielec (2)";"mielecki";0;"rural"
"1188";"Sadlinki (2)";"kwidzyñski";0;"rural"
"1189";"Chrz¹stowice (2)";"opolski";0;"rural"
"1190";"£ubniany (2)";"opolski";0;"rural"
"1191";"Wartkowice (2)";"poddêbicki";0;"rural"
"1192";"Konstantynów (2)";"bialski";0;"rural"
"1193";"Stara Kiszewa (2)";"koœcierski";0;"rural"
"1194";"Dêbno (2)";"brzeski";0;"rural"
"1195";"¯elazków (2)";"kaliski";0;"rural"
"1196";"Piaski (2)";"gostyñski";0;"rural"
"1197";"Szczytniki (2)";"kaliski";0;"rural"
"1198";"W³odowice (2)";"zawierciañski";0;"rural"
"1199";"Bukowiec (2)";"œwiecki";0;"rural"
"1200";"Sidra (2)";"sokólski";0;"rural"
"1201";"Kochanowice (2)";"lubliniecki";0;"rural"
"1202";"Nowa Karczma (2)";"koœcierski";0;"rural"
"1203";"Koœcielec (2)";"kolski";0;"rural"
"1204";"Mi³oradz (2)";"malborski";0;"rural"
"1205";"Wolanów (2)";"radomski";0;"rural"
"1206";"Istebna (2)";"cieszyñski";0;"rural"
"1207";"Zêbowice (2)";"oleski";0;"rural"
"1208";"Radków (2)";"w³oszczowski";0;"rural"
"1209";"Lanckorona (2)";"wadowicki";0;"rural"
"1210";"Cieszków (2)";"milicki";0;"rural"
"1211";"Nawojowa (2)";"nowos¹decki";0;"rural"
"1212";"Zagnañsk (2)";"kielecki";0;"rural"
"1213";"S³oñsk (2)";"sulêciñski";0;"rural"
"1214";"Lelis (2)";"ostro³êcki";0;"rural"
"1215";"Ulan-Majorat (2)";"radzyñski";0;"rural"
"1216";"Purda (2)";"olsztyñski";0;"rural"
"1217";"Inowroc³aw (2)";"inowroc³awski";0;"rural"
"1218";"Goleszów (2)";"cieszyñski";0;"rural"
"1219";"Czarna D¹brówka (2)";"bytowski";0;"rural"
"1220";"Kiernozia (2)";"³owicki";0;"rural"
"1221";"Liw (2)";"wêgrowski";0;"rural"
"1222";"Pêczniew (2)";"poddêbicki";0;"rural"
"1223";"Dzier¿oniów (2)";"dzier¿oniowski";0;"rural"
"1224";"Somianka (2)";"wyszkowski";0;"rural"
"1225";"S³upca (2)";"s³upecki";0;"rural"
"1226";"Wielbark (2)";"szczycieñski";0;"rural"
"1227";"Bukowina Tatrzañska (2)";"tatrzañski";0;"rural"
"1228";"Lubomia (2)";"wodzis³awski";0;"rural"
"1229";"Bukowsko (2)";"sanocki";0;"rural"
"1230";"Unis³aw (2)";"che³miñski";0;"rural"
"1231";"Sobków (2)";"jêdrzejowski";0;"rural"
"1232";"Paw³ów (2)";"starachowicki";0;"rural"
"1233";"Kowiesy (2)";"skierniewicki";0;"rural"
"1234";"Kamionka Wielka (2)";"nowos¹decki";0;"rural"
"1235";"Por¹bka (2)";"bielski";0;"rural"
"1236";"Trzebiel (2)";"¿arski";0;"rural"
"1237";"Sêdziejowice (2)";"³aski";0;"rural"
"1238";"Jejkowice (2)";"rybnicki";0;"rural"
"1239";"Wisznice (2)";"bialski";0;"rural"
"1240";"Nowogródek Pomorski (2)";"myœliborski";0;"rural"
"1241";"Promna (2)";"bia³obrzeski";0;"rural"
"1242";"Przemyœl (2)";"przemyski";0;"rural"
"1243";"Kwilcz (2)";"miêdzychodzki";0;"rural"
"1244";"Lyski (2)";"rybnicki";0;"rural"
"1245";"Chynów (2)";"grójecki";0;"rural"
"1246";"Jaœliska (2)";" ";0;"rural"
"1247";"Kulesze Koœcielne (2)";"wysokomazowiecki";0;"rural"
"1248";"Kraœnik (2)";"kraœnicki";0;"rural"
"1249";"Pruszcz (2)";"œwiecki";0;"rural"
"1250";"Brudzew (2)";"turecki";0;"rural"
"1251";"Pierzchnica (2)";"kielecki";0;"rural"
"1252";"£¹ck (2)";"p³ocki";0;"rural"
"1253";"G¹sawa (2)";"¿niñski";0;"rural"
"1254";"Poronin (2)";"tatrzañski";0;"rural"
"1255";"Œlemieñ (2)";"¿ywiecki";0;"rural"
"1256";"Malbork (2)";"malborski";0;"rural"
"1257";"Raci¹¿ek (2)";"aleksandrowski";0;"rural"
"1258";"W¹growiec (2)";"w¹growiecki";0;"rural"
"1259";"W³oc³awek (2)";"w³oc³awski";0;"rural"
"1260";"Chrzanów (2)";"janowski";0;"rural"
"1261";"Nielisz (2)";"zamojski";0;"rural"
"1262";"Lisków (2)";"kaliski";0;"rural"
"1263";"Skórzec (2)";"siedlecki";0;"rural"
"1264";"Iwanowice (2)";"krakowski";0;"rural"
"1265";"Ceg³ów (2)";"miñski";0;"rural"
"1266";"Czajków (2)";"ostrzeszowski";0;"rural"
"1267";"Raba Wy¿na (2)";"nowotarski";0;"rural"
"1268";"Zarzecze (2)";"przeworski";0;"rural"
"1269";"Bielsk Podlaski (2)";"bielski";0;"rural"
"1270";"Me³giew (2)";"œwidnicki";0;"rural"
"1271";"Liniewo (2)";"koœcierski";0;"rural"
"1272";"Ostróda (2)";"ostródzki";0;"rural"
"1273";"Krzywcza (2)";"przemyski";0;"rural"
"1274";"Buczek (2)";"³aski";0;"rural"
"1275";"Rewal (2)";"gryficki";0;"rural"
"1276";"Dubeninki (2)";"go³dapski";0;"rural"
"1277";"Siemi¹tkowo (2)";"¿uromiñski";0;"rural"
"1278";"Œwiedziebnia (2)";"brodnicki";0;"rural"
"1279";"Dru¿bice (2)";"be³chatowski";0;"rural"
"1280";"Kijewo Królewskie (2)";"che³miñski";0;"rural"
"1281";"Sorkwity (2)";"mr¹gowski";0;"rural"
"1282";"Jedliñsk (2)";"radomski";0;"rural"
"1283";"Szczutowo (2)";"sierpecki";0;"rural"
"1284";"Wêgierska Górka (2)";"¿ywiecki";1;"rural"
"1285";"Lubartów (2)";"lubartowski";1;"rural"
"1286";"£om¿a (2)";"³om¿yñski";1;"rural"
"1287";"U³ê¿ (2)";"rycki";1;"rural"
"1288";"Grodziec (2)";"koniñski";1;"rural"
"1289";"Malczyce (2)";"œredzki";1;"rural"
"1290";"Z³otoryja (2)";"z³otoryjski";1;"rural"
"1291";"Goworowo (2)";"ostro³êcki";1;"rural"
"1292";"Aleksandrów Kujawski (2)";"aleksandrowski";1;"rural"
"1293";"Osieczna (2)";"starogardzki";1;"rural"
"1294";"Orla (2)";"bielski";1;"rural"
"1295";"Popielów (2)";"opolski";1;"rural"
"1296";"Tuchomie (2)";"bytowski";1;"rural"
"1297";"Gocza³kowice-Zdrój (2)";"pszczyñski";1;"rural"
"1298";"Hajnówka (2)";"hajnowski";1;"rural"
"1299";"Kêsowo (2)";"tucholski";1;"rural"
"1300";"Niegowa (2)";"myszkowski";1;"rural"
"1301";"Sk¹pe (2)";"œwiebodziñski";1;"rural"
"1302";"Niedrzwica Du¿a (2)";"lubelski";1;"rural"
"1303";"Wodynie (2)";"siedlecki";1;"rural"
"1304";"Susiec (2)";"tomaszowski";1;"rural"
"1305";"Jastrzêbia (2)";"radomski";1;"rural"
"1306";"Komprachcice (2)";"opolski";1;"rural"
"1307";"Radomyœl nad Sanem (2)";"stalowowolski";1;"rural"
"1308";"Go³cza (2)";"miechowski";1;"rural"
"1309";"Osiek Ma³y (2)";"kolski";1;"rural"
"1310";"G³owno (2)";"zgierski";1;"rural"
"1311";"Wróblew (2)";"sieradzki";1;"rural"
"1312";"Krokowa (2)";"pucki";1;"rural"
"1313";"Bia³obrzegi (2)";"³añcucki";1;"rural"
"1314";"Lubomino (2)";"lidzbarski";1;"rural"
"1315";"Milejewo (2)";"elbl¹ski";1;"rural"
"1316";"Krasnystaw (2)";"krasnostawski";1;"rural"
"1317";"Kruklanki (2)";"gi¿ycki";1;"rural"
"1318";"Kampinos (2)";"warszawski zachodni";1;"rural"
"1319";"£apanów (2)";"bocheñski";1;"rural"
"1320";"£êkawica (2)";"¿ywiecki";1;"rural"
"1321";"S³ubice (2)";"p³ocki";1;"rural"
"1322";"Sieradz (2)";"sieradzki";1;"rural"
"1323";"Lubiszyn (2)";"gorzowski";1;"rural"
"1324";"Miastków Koœcielny (2)";"garwoliñski";1;"rural"
"1325";"Budzyñ (2)";"chodzieski";1;"rural"
"1326";"Ba³tów (2)";"ostrowiecki";1;"rural"
"1327";"Leszno (2)";"warszawski zachodni";1;"rural"
"1328";"Nowe Miasto nad Wart¹ (2)";"œredzki";1;"rural"
"1329";"Bia³a Podlaska (2)";"bialski";1;"rural"
"1330";"Lisia Góra (2)";"tarnowski";1;"rural"
"1331";"Kury³ówka (2)";"le¿ajski";1;"rural"
"1332";"Oœwiêcim (2)";"oœwiêcimski";1;"rural"
"1333";"Narewka (2)";"hajnowski";1;"rural"
"1334";"Osie (2)";"œwiecki";1;"rural"
"1335";"Powidz (2)";"s³upecki";1;"rural"
"1336";"Kie³czyg³ów (2)";"pajêczañski";1;"rural"
"1337";"Jeleniewo (2)";"suwalski";1;"rural"
"1338";"Czudec (2)";"strzy¿owski";1;"rural"
"1339";"Gielniów (2)";"przysuski";1;"rural"
"1340";"Wiœlica (2)";"buski";1;"rural"
"1341";"Nowa Wieœ Lêborska (2)";"lêborski";1;"rural"
"1342";"Czernice Borowe (2)";"przasnyski";1;"rural"
"1343";"Chrostkowo (2)";"lipnowski";1;"rural"
"1344";"Wierzchlas (2)";"wieluñski";1;"rural"
"1345";"Zaleszany (2)";"stalowowolski";1;"rural"
"1346";"Radziemice (2)";"proszowicki";1;"rural"
"1347";"£oniów (2)";"sandomierski";1;"rural"
"1348";"Pokrzywnica (2)";"pu³tuski";1;"rural"
"1349";"Lubawa (2)";"i³awski";1;"rural"
"1350";"Szczecinek (2)";"szczecinecki";1;"rural"
"1351";"D¹browa Biskupia (2)";"inowroc³awski";1;"rural"
"1352";"Narew (2)";"hajnowski";1;"rural"
"1353";"Stryszów (2)";"wadowicki";1;"rural"
"1354";"Su³oszowa (2)";"krakowski";1;"rural"
"1355";"K³oczew (2)";"rycki";1;"rural"
"1356";"Trzcinica (2)";"kêpiñski";1;"rural"
"1357";"Grêbocice (2)";"polkowicki";1;"rural"
"1358";"Maszewo (2)";"kroœnieñski";1;"rural"
"1359";"Olszewo-Borki (2)";"ostro³êcki";1;"rural"
"1360";"Borowie (2)";"garwoliñski";1;"rural"
"1361";"Ropa (2)";"gorlicki";1;"rural"
"1362";"Przytoczna (2)";"miêdzyrzecki";1;"rural"
"1363";"Stanin (2)";"³ukowski";1;"rural"
"1364";"Czerwiñsk nad Wis³¹ (2)";"p³oñski";1;"rural"
"1365";"Solec-Zdrój (2)";"buski";1;"rural"
"1366";"Maciejowice (2)";"garwoliñski";1;"rural"
"1367";"Harasiuki (2)";"ni¿añski";1;"rural"
"1368";"Stegna (2)";"nowodworski";1;"rural"
"1369";"Ciel¹dz (2)";"rawski";1;"rural"
"1370";"Nowe Miasto Lubawskie (2)";"nowomiejski";1;"rural"
"1371";"Bystra-Sidzina (2)";"suski";1;"rural"
"1372";"Krasiczyn (2)";"przemyski";1;"rural"
"1373";"Parysów (2)";"garwoliñski";1;"rural"
"1374";"Ko³czyg³owy (2)";"bytowski";1;"rural"
"1375";"Siedlec (2)";"wolsztyñski";1;"rural"
"1376";"Maków (2)";"skierniewicki";1;"rural"
"1377";"Gniewino (2)";"wejherowski";1;"rural"
"1378";"DŸwierzuty (2)";"szczycieñski";1;"rural"
"1379";"Tomaszów Lubelski (2)";"tomaszowski";1;"rural"
"1380";"Krasnopol (2)";"sejneñski";1;"rural"
"1381";"Orchowo (2)";"s³upecki";1;"rural"
"1382";"Witonia (2)";"³êczycki";1;"rural"
"1383";"Mniszków (2)";"opoczyñski";1;"rural"
"1384";"Warnice (2)";"pyrzycki";1;"rural"
"1385";"W³odawa (2)";"w³odawski";1;"rural"
"1386";"Srokowo (2)";"kêtrzyñski";1;"rural"
"1387";"Tu³owice (2)";"opolski";1;"rural"
"1388";"Ko³obrzeg (2)";"ko³obrzeski";1;"rural"
"1389";"Przasnysz (2)";"przasnyski";1;"rural"
"1390";"Wi¹zownica (2)";"jaros³awski";1;"rural"
"1391";"Radzanowo (2)";"p³ocki";1;"rural"
"1392";"Tarnów (2)";"tarnowski";1;"rural"
"1393";"Zamoœæ (2)";"zamojski";1;"rural"
"1394";"Czarnków (2)";"czarnkowsko-trzcianecki";1;"rural"
"1395";"Borów (2)";"strzeliñski";1;"rural"
"1396";"Siemkowice (2)";"pajêczañski";1;"rural"
"1397";"L¹dek (2)";"s³upecki";1;"rural"
"1398";"Kornowac (2)";"raciborski";1;"rural"
"1399";"Odrzywó³ (2)";"przysuski";1;"rural"
"1400";"Fabianki (2)";"w³oc³awski";1;"rural"
"1401";"Belsk Du¿y (2)";"grójecki";1;"rural"
"1402";"Kazanów (2)";"zwoleñski";1;"rural"
"1403";"Perzów (2)";"kêpiñski";1;"rural"
"1404";"Ozorków (2)";"zgierski";1;"rural"
"1405";"Je¿ewo (2)";"œwiecki";1;"rural"
"1406";"Je¿ów Sudecki (2)";"jeleniogórski";1;"rural"
"1407";"Cz³uchów (2)";"cz³uchowski";1;"rural"
"1408";"Solina (2)";"leski";1;"rural"
"1409";"Fajs³awice (2)";"krasnostawski";1;"rural"
"1410";"Krzy¿anowice (2)";"raciborski";1;"rural"
"1411";"G³ówczyce (2)";"s³upski";1;"rural"
"1412";"Ostrów Wielkopolski (2)";"ostrowski";1;"rural"
"1413";"Giza³ki (2)";"pleszewski";1;"rural"
"1414";"Sadowne (2)";"wêgrowski";1;"rural"
"1415";"W¹dro¿e Wielkie (2)";"jaworski";1;"rural"
"1416";"Zduñska Wola (2)";"zduñskowolski";1;"rural"
"1417";"Dêbowa £¹ka (2)";"w¹brzeski";1;"rural"
"1418";"Markuszów (2)";"pu³awski";1;"rural"
"1419";"Kamienna Góra (2)";"kamiennogórski";1;"rural"
"1420";"Czarny Bór (2)";"wa³brzyski";1;"rural"
"1421";"RoŸwienica (2)";"jaros³awski";1;"rural"
"1422";"Grabów (2)";"³êczycki";1;"rural"
"1423";"Parchowo (2)";"bytowski";1;"rural"
"1424";"Wieczfnia Koœcielna (2)";"m³awski";1;"rural"
"1425";"Gniewoszów (2)";"kozienicki";1;"rural"
"1426";"Tereszpol (2)";"bi³gorajski";1;"rural"
"1427";"Lubicz (2)";"toruñski";1;"rural"
"1428";"Banie (2)";"gryfiñski";1;"rural"
"1429";"Lipowa (2)";"¿ywiecki";1;"rural"
"1430";"Lipnik (2)";"opatowski";1;"rural"
"1431";"Marklowice (2)";"wodzis³awski";1;"rural"
"1432";"£adzice (2)";"radomszczañski";1;"rural"
"1433";"S³aboszów (2)";"miechowski";1;"rural"
"1434";"Jaros³aw (2)";"jaros³awski";1;"rural"
"1435";"Iwierzyce (2)";"ropczycko-sêdziszowski";1;"rural"
"1436";"Boleszkowice (2)";"myœliborski";1;"rural"
"1437";"Czarno¿y³y (2)";"wieluñski";1;"rural"
"1438";"Rejowiec Fabryczny (2)";"che³mski";1;"rural"
"1439";"Czarnocin (2)";"piotrkowski";1;"rural"
"1440";"Czarnocin (2)";"kazimierski";1;"rural"
"1441";"Ciepielów (2)";"lipski";1;"rural"
"1442";"StaroŸreby (2)";"p³ocki";1;"rural"
"1443";"Ma³a Wieœ (2)";"p³ocki";1;"rural"
"1444";"I³ów (2)";"sochaczewski";1;"rural"
"1445";"Z³otniki Kujawskie (2)";"inowroc³awski";1;"rural"
"1446";"Stare Kurowo (2)";"strzelecko-drezdenecki";1;"rural"
"1447";"Sochocin (2)";"p³oñski";1;"rural"
"1448";"Wi¿ajny (2)";"suwalski";1;"rural"
"1449";"Kazimierz Biskupi (2)";"koniñski";1;"rural"
"1450";"Rad³ów (2)";"oleski";1;"rural"
"1451";"Zgorzelec (2)";"zgorzelecki";1;"rural"
"1452";"Grunwald (2)";"ostródzki";1;"rural"
"1453";"Markowa (2)";"³añcucki";1;"rural"
"1454";"P³u¿nica (2)";"w¹brzeski";1;"rural"
"1455";"Krzymów (2)";"koniñski";1;"rural"
"1456";"Zabrodzie (2)";"wyszkowski";1;"rural"
"1457";"Gi¿ycko (2)";"gi¿ycki";1;"rural"
"1458";"Garbów (2)";"lubelski";1;"rural"
"1459";"Kramsk (2)";"koniñski";1;"rural"
"1460";"£êczyca (2)";"³êczycki";1;"rural"
"1461";"Gostycyn (2)";"tucholski";1;"rural"
"1462";"Czernikowo (2)";"toruñski";1;"rural"
"1463";"Wicko (2)";"lêborski";1;"rural"
"1464";"Miedzna (2)";"wêgrowski";1;"rural"
"1465";"Postomino (2)";"s³awieñski";1;"rural"
"1466";"Cewice (2)";"lêborski";1;"rural"
"1467";"Kaliska (2)";"starogardzki";1;"rural"
"1468";"Smo³dzino (2)";"s³upski";1;"rural"
"1469";"Giby (2)";"sejneñski";1;"rural"
"1470";"Kamionka (2)";"lubartowski";1;"rural"
"1471";"Otyñ (2)";"nowosolski";1;"rural"
"1472";"£uków (2)";"³ukowski";1;"rural"
"1473";"Koœcielisko (2)";"tatrzañski";1;"rural"
"1474";"Dominowo (2)";"œredzki";1;"rural"
"1475";"G³uchów (2)";"skierniewicki";1;"rural"
"1476";"Piszczac (2)";"bialski";1;"rural"
"1477";"Niwiska (2)";"kolbuszowski";1;"rural"
"1478";"Elbl¹g (2)";"elbl¹ski";1;"rural"
"1479";"Strzelce (2)";"kutnowski";1;"rural"
"1480";"Drzycim (2)";"œwiecki";1;"rural"
"1481";"£ukta (2)";"ostródzki";1;"rural"
"1482";"M³odzieszyn (2)";"sochaczewski";1;"rural"
"1483";"Lubieñ (2)";"myœlenicki";1;"rural"
"1484";"Sadki (2)";"nakielski";1;"rural"
"1485";"Zbuczyn (2)";"siedlecki";1;"rural"
"1486";"Kraœniczyn (2)";"krasnostawski";1;"rural"
"1487";"Dzierz¹¿nia (2)";"p³oñski";1;"rural"
"1488";"£agiewniki (2)";"dzier¿oniowski";1;"rural"
"1489";"Radziejów (2)";"radziejowski";1;"rural"
"1490";"Widuchowa (2)";"gryfiñski";1;"rural"
"1491";"Bia³y Dunajec (2)";"tatrzañski";1;"rural"
"1492";"Wiœniewo (2)";"m³awski";1;"rural"
"1493";"Tr¹bki Wielkie (2)";"gdañski";1;"rural"
"1494";"Solec nad Wis³¹ (2)";"lipski";1;"rural"
"1495";"£êka Opatowska (2)";"kêpiñski";1;"rural"
"1496";"S³awoborze (2)";"œwidwiñski";1;"rural"
"1497";"I³awa (2)";"i³awski";1;"rural"
"1498";"Stary Zamoœæ (2)";"zamojski";1;"rural"
"1499";"Wierzchos³awice (2)";"tarnowski";1;"rural"
"1500";"Mircze (2)";"hrubieszowski";1;"rural"
"1501";"Stare Pole (2)";"malborski";1;"rural"
"1502";"¯yraków (2)";"dêbicki";1;"rural"
"1503";"Jadów (2)";"wo³omiñski";1;"rural"
"1504";"Milejów (2)";"³êczyñski";1;"rural"
"1505";"Œwierzno (2)";"kamieñski";1;"rural"
"1506";"Ciechocin (2)";"golubsko-dobrzyñski";1;"rural"
"1507";"Czorsztyn (2)";"nowotarski";1;"rural"
"1508";"Rzgów (2)";"koniñski";1;"rural"
"1509";"Komañcza (2)";"sanocki";1;"rural"
"1510";"Sieroszewice (2)";"ostrowski";1;"rural"
"1511";"Gromnik (2)";"tarnowski";1;"rural"
"1512";"Ksi¹¿ki (2)";"w¹brzeski";1;"rural"
"1513";"Ko³aczkowo (2)";"wrzesiñski";1;"rural"
"1514";"Stromiec (2)";"bia³obrzeski";1;"rural"
"1515";"Choceñ (2)";"w³oc³awski";1;"rural"
"1516";"Gromadka (2)";"boles³awiecki";1;"rural"
"1517";"B³êdów (2)";"grójecki";1;"rural"
"1518";"Wiskitki (2)";"¿yrardowski";1;"rural"
"1519";"Uœcie Gorlickie (2)";"gorlicki";1;"rural"
"1520";"Kwidzyn (2)";"kwidzyñski";1;"rural"
"1521";"Ma³kinia Górna (2)";"ostrowski";1;"rural"
"1522";"Dêbica (2)";"dêbicki";1;"rural"
"1523";"Ostrów Mazowiecka (2)";"ostrowski";1;"rural"
"1524";"Mœciwojów (2)";"jaworski";1;"rural"
"1525";"Frysztak (2)";"strzy¿owski";1;"rural"
"1526";"Bytoñ (2)";"radziejowski";1;"rural"
"1527";"Szczaniec (2)";"œwiebodziñski";1;"rural"
"1528";"Ryczywó³ (2)";"obornicki";1;"rural"
"1529";"Kurów (2)";"pu³awski";1;"rural"
"1530";"Jastków (2)";"lubelski";1;"rural"
"1531";"Or³y (2)";"przemyski";1;"rural"
"1532";"Ujazd (2)";"tomaszowski";1;"rural"
"1533";"Kuœlin (2)";"nowotomyski";1;"rural"
"1534";"O³awa (2)";"o³awski";1;"rural"
"1535";"Sanok (2)";"sanocki";1;"rural"
"1536";"Smêtowo Graniczne (2)";"starogardzki";1;"rural"
"1537";"Krasocin (2)";"w³oszczowski";1;"rural"
"1538";"Damas³awek (2)";"w¹growiecki";1;"rural"
"1539";"Soñsk (2)";"ciechanowski";1;"rural"
"1540";"Kobyla Góra (2)";"ostrzeszowski";1;"rural"
"1541";"Kowala (2)";"radomski";1;"rural"
"1542";"Rêdziny (2)";"czêstochowski";1;"rural"
"1543";"Adamówka (2)";"przeworski";1;"rural"
"1544";"Przyrów (2)";"czêstochowski";1;"rural"
"1545";"Stoczek (2)";"wêgrowski";1;"rural"
"1546";"Ojrzeñ (2)";"ciechanowski";1;"rural"
"1547";"Goœcieradów (2)";"kraœnicki";1;"rural"
"1548";"Zakrzew (2)";"radomski";1;"rural"
"1549";"Zakrzew (2)";"lubelski";1;"rural"
"1550";"Widawa (2)";"³aski";1;"rural"
"1551";"Lubenia (2)";"rzeszowski";1;"rural"
"1552";"Skulsk (2)";"koniñski";1;"rural"
"1553";"Daszyna (2)";"³êczycki";1;"rural"
"1554";"P³oñsk (2)";"p³oñski";1;"rural"
"1555";"Mykanów (2)";"czêstochowski";1;"rural"
"1556";"Wilczyn (2)";"koniñski";1;"rural"
"1557";"Klucze (2)";"olkuski";1;"rural"
"1558";"Besko (2)";"sanocki";1;"rural"
"1559";"Poraj (2)";"myszkowski";1;"rural"
"1560";"Rudna (2)";"lubiñski";1;"rural"
"1561";"Kolsko (2)";"nowosolski";1;"rural"
"1562";"Sejny (2)";"sejneñski";1;"rural"
"1563";"£êczyce (2)";"wejherowski";1;"rural"
"1564";"Dzia³dowo (2)";"dzia³dowski";1;"rural"
"1565";"Mêcinka (2)";"jaworski";1;"rural"
"1566";"Korzenna (2)";"nowos¹decki";1;"rural"
"1567";"Zawoja (2)";"suski";1;"rural"
"1568";"£ososina Dolna (2)";"nowos¹decki";1;"rural"
"1569";"Krempna (2)";"jasielski";1;"rural"
"1570";"Strza³kowo (2)";"s³upecki";1;"rural"
"1571";"Limanowa (2)";"limanowski";1;"rural"
"1572";"£ambinowice (2)";"nyski";1;"rural"
"1573";"Kaczory (2)";"pilski";1;"rural"
"1574";"Stara Kamienica (2)";"jeleniogórski";1;"rural"
"1575";"Radoszyce (2)";"konecki";1;"rural"
"1576";"Izbicko (2)";"strzelecki";1;"rural"
"1577";"Mys³akowice (2)";"jeleniogórski";1;"rural"
"1578";"Lidzbark Warmiñski (2)";"lidzbarski";1;"rural"
"1579";"Domaradz (2)";"brzozowski";1;"rural"
"1580";"Sitkówka-Nowiny (2)";"kielecki";1;"rural"
"1581";"Ceków-Kolonia (2)";"kaliski";1;"rural"
"1582";"Starcza (2)";"czêstochowski";1;"rural"
"1583";"Siennica Ró¿ana (2)";"krasnostawski";1;"rural"
"1584";"Szaflary (2)";"nowotarski";1;"rural"
"1585";"Wiñsko (2)";"wo³owski";1;"rural"
"1586";"Mszana Dolna (2)";"limanowski";1;"rural"
"1587";"Br¹szewice (2)";"sieradzki";1;"rural"
"1588";"Bielsk (2)";"p³ocki";1;"rural"
"1589";"Popów (2)";"k³obucki";1;"rural"
"1590";"Niegos³awice (2)";"¿agañski";1;"rural"
"1591";"Radgoszcz (2)";"d¹browski";1;"rural"
"1592";"Branice (2)";"g³ubczycki";1;"rural"
"1593";"Rz¹œnik (2)";"wyszkowski";1;"rural"
"1594";"Drawsko (2)";"czarnkowsko-trzcianecki";1;"rural"
"1595";"Fredropol (2)";"przemyski";1;"rural"
"1596";"Lipka (2)";"z³otowski";1;"rural"
"1597";"Mr¹gowo (2)";"mr¹gowski";1;"rural"
"1598";"Rudziniec (2)";"gliwicki";1;"rural"
"1599";"Sieciechów (2)";"kozienicki";1;"rural"
"1600";"Kêtrzyn (2)";"kêtrzyñski";1;"rural"
"1601";"Bulkowo (2)";"p³ocki";1;"rural"
"1602";"T³uchowo (2)";"lipnowski";1;"rural"
"1603";"Kroœcienko Wy¿ne (2)";"kroœnieñski";1;"rural"
"1604";"Lubochnia (2)";"tomaszowski";1;"rural"
"1605";"Karnice (2)";"gryficki";1;"rural"
"1606";"Stoczek £ukowski (2)";"³ukowski";1;"rural"
"1607";"Golub-Dobrzyñ (2)";"golubsko-dobrzyñski";1;"rural"
"1608";"Mycielin (2)";"kaliski";1;"rural"
"1609";"Horod³o (2)";"hrubieszowski";1;"rural"
"1610";"Izbica (2)";"krasnostawski";1;"rural"
"1611";"Przytyk (2)";"radomski";1;"rural"
"1612";"Ch¹œno (2)";"³owicki";1;"rural"
"1613";"Gorzków (2)";"krasnostawski";1;"rural"
"1614";"Piecki (2)";"mr¹gowski";1;"rural"
"1615";"Rzeczenica (2)";"cz³uchowski";1;"rural"
"1616";"Szerzyny (2)";"tarnowski";1;"rural"
"1617";"Rojewo (2)";"inowroc³awski";1;"rural"
"1618";"Potêgowo (2)";"s³upski";1;"rural"
"1619";"Czastary (2)";"wieruszowski";1;"rural"
"1620";"Malanów (2)";"turecki";1;"rural"
"1621";"Soœnie (2)";"ostrowski";1;"rural"
"1622";"Jerzmanowice-Przeginia (2)";"krakowski";1;"rural"
"1623";"Karniewo (2)";"makowski";1;"rural"
"1624";"Paw³osiów (2)";"jaros³awski";1;"rural"
"1625";"£askarzew (2)";"garwoliñski";1;"rural"
"1626";"Gruta (2)";"grudzi¹dzki";1;"rural"
"1627";"Brody (2)";"starachowicki";1;"rural"
"1628";"Brody (2)";"¿arski";1;"rural"
"1629";"Ksi¹¿ Wielki (2)";"miechowski";1;"rural"
"1630";"Niebylec (2)";"strzy¿owski";1;"rural"
"1631";"Pa³ecznica (2)";"proszowicki";1;"rural"
"1632";"Gronowo Elbl¹skie (2)";"elbl¹ski";1;"rural"
"1633";"Waœniów (2)";"ostrowiecki";1;"rural"
"1634";"¯ary (2)";"¿arski";1;"rural"
"1635";"Lutowiska (2)";"bieszczadzki";1;"rural"
"1636";"Dydnia (2)";"brzozowski";1;"rural"
"1637";"Lipce Reymontowskie (2)";"skierniewicki";1;"rural"
"1638";"Skrzyszów (2)";"tarnowski";1;"rural"
"1639";"Ostrowite (2)";"s³upecki";1;"rural"
"1640";"Linia (2)";"wejherowski";1;"rural"
"1641";"Subkowy (2)";"tczewski";1;"rural"
"1642";"Ciasna (2)";"lubliniecki";1;"rural"
"1643";"Rzepiennik Strzy¿ewski (2)";"tarnowski";1;"rural"
"1644";"Rychtal (2)";"kêpiñski";1;"rural"
"1645";"Trawniki (2)";"œwidnicki";1;"rural"
"1646";"Skar¿ysko Koœcielne (2)";"skar¿yski";1;"rural"
"1647";"¯urawica (2)";"przemyski";1;"rural"
"1648";"Stara Bia³a (2)";"p³ocki";1;"rural"
"1649";"Paszowice (2)";"jaworski";1;"rural"
"1650";"Domaszowice (2)";"namys³owski";1;"rural"
"1651";"Mêdrzechów (2)";"d¹browski";1;"rural"
"1652";"Rani¿ów (2)";"kolbuszowski";1;"rural"
"1653";"Brojce (2)";"gryficki";1;"rural"
"1654";"¯o³ynia (2)";"³añcucki";1;"rural"
"1655";"Gubin (2)";"kroœnieñski";1;"rural"
"1656";"Stary Lubotyñ (2)";"ostrowski";1;"rural"
"1657";"Borzêcin (2)";"brzeski";1;"rural"
"1658";"Budzów (2)";"suski";1;"rural"
"1659";"Kamieniec Z¹bkowicki (2)";"z¹bkowicki";1;"rural"
"1660";"Czemierniki (2)";"radzyñski";1;"rural"
"1661";"Janowo (2)";"nidzicki";1;"rural"
"1662";"Kobiele Wielkie (2)";"radomszczañski";1;"rural"
"1663";"Dzierzkowice (2)";"kraœnicki";1;"rural"
"1664";"Polska Cerekiew (2)";"kêdzierzyñsko-kozielski";1;"rural"
"1665";"Przeworsk (2)";"przeworski";1;"rural"
"1666";"Drwinia (2)";"bocheñski";1;"rural"
"1667";"Boles³aw (2)";"olkuski";1;"rural"
"1668";"Boles³aw (2)";"d¹browski";1;"rural"
"1669";"Chodel (2)";"opolski";1;"rural"
"1670";"Rudniki (2)";"oleski";1;"rural"
"1671";"Grabów nad Pilic¹ (2)";"kozienicki";1;"rural"
"1672";"Wydminy (2)";"gi¿ycki";1;"rural"
"1673";"Magnuszew (2)";"kozienicki";1;"rural"
"1674";"Ma³dyty (2)";"ostródzki";1;"rural"
"1675";"Mieœcisko (2)";"w¹growiecki";1;"rural"
"1676";"P¹tnów (2)";"wieluñski";1;"rural"
"1677";"Œwidwin (2)";"œwidwiñski";1;"rural"
"1678";"Tarnówka (2)";"z³otowski";1;"rural"
"1679";"Radziechowy-Wieprz (2)";"¿ywiecki";1;"rural"
"1680";"Brañszczyk (2)";"wyszkowski";1;"rural"
"1681";"Le¿ajsk (2)";"le¿ajski";1;"rural"
"1682";"Dwikozy (2)";"sandomierski";1;"rural"
"1683";"Niechlów (2)";"górowski";1;"rural"
"1684";"R¹bino (2)";"œwidwiñski";1;"rural"
"1685";"Dar³owo (2)";"s³awieñski";1;"rural"
"1686";"Jab³onka (2)";"nowotarski";1;"rural"
"1687";"Zatory (2)";"pu³tuski";1;"rural"
"1688";"Przewóz (2)";"¿arski";1;"rural"
"1689";"Jedlnia-Letnisko (2)";"radomski";1;"rural"
"1690";"Lututów (2)";"wieruszowski";1;"rural"
"1691";"Lisewo (2)";"che³miñski";1;"rural"
"1692";"Choczewo (2)";"wejherowski";1;"rural"
"1693";"Krzeszyce (2)";"sulêciñski";1;"rural"
"1694";"Sadkowice (2)";"rawski";1;"rural"
"1695";"Gorlice (2)";"gorlicki";1;"rural"
"1696";"D¹browice (2)";"kutnowski";1;"rural"
"1697";"Przystajñ (2)";"k³obucki";1;"rural"
"1698";"Naruszewo (2)";"p³oñski";1;"rural"
"1699";"Dubiecko (2)";"przemyski";1;"rural"
"1700";"Lipie (2)";"k³obucki";1;"rural"
"1701";"Goszczyn (2)";"grójecki";1;"rural"
"1702";"W¹pielsk (2)";"rypiñski";1;"rural"
"1703";"D¹browa Zielona (2)";"czêstochowski";1;"rural"
"1704";"Tarnów Opolski (2)";"opolski";1;"rural"
"1705";"£yszkowice (2)";"³owicki";1;"rural"
"1706";"Udanin (2)";"œredzki";1;"rural"
"1707";"Dygowo (2)";"ko³obrzeski";1;"rural"
"1708";"Lubañ (2)";"lubañski";1;"rural"
"1709";"Przybiernów (2)";"goleniowski";1;"rural"
"1710";"Waganiec (2)";"aleksandrowski";1;"rural"
"1711";"Tryñcza (2)";"przeworski";1;"rural"
"1712";"¯agañ (2)";"¿agañski";1;"rural"
"1713";"Gardeja (2)";"kwidzyñski";1;"rural"
"1714";"Bodzechów (2)";"ostrowiecki";1;"rural"
"1715";"Rajcza (2)";"¿ywiecki";1;"rural"
"1716";"Opatów (2)";"k³obucki";1;"rural"
"1717";"Bierzwnik (2)";"choszczeñski";1;"rural"
"1718";"P³oœnica (2)";"dzia³dowski";1;"rural"
"1719";"Teresin (2)";"sochaczewski";1;"rural"
"1720";"Markusy (2)";"elbl¹ski";1;"rural"
"1721";"Gostynin (2)";"gostyniñski";1;"rural"
"1722";"Doruchów (2)";"ostrzeszowski";1;"rural"
"1723";"Bieliny (2)";"kielecki";1;"rural"
"1724";"Rawa Mazowiecka (2)";"rawski";1;"rural"
"1725";"Nowa BrzeŸnica (2)";"pajêczañski";1;"rural"
"1726";"Walim (2)";"wa³brzyski";1;"rural"
"1727";"D¹bie (2)";"kroœnieñski";1;"rural"
"1728";"Wrêczyca Wielka (2)";"k³obucki";1;"rural"
"1729";"Przelewice (2)";"pyrzycki";1;"rural"
"1730";"Borkowice (2)";"przysuski";1;"rural"
"1731";"Stare Czarnowo (2)";"gryfiñski";1;"rural"
"1732";"Lubowidz (2)";"¿uromiñski";1;"rural"
"1733";"Górowo I³aweckie (2)";"bartoszycki";1;"rural"
"1734";"Obsza (2)";"bi³gorajski";1;"rural"
"1735";"Jasionówka (2)";"moniecki";1;"rural"
"1736";"Pi¹tek (2)";"³êczycki";1;"rural"
"1737";"Kraszewice (2)";"ostrzeszowski";1;"rural"
"1738";"Krasnosielc (2)";"makowski";1;"rural"
"1739";"Bogdaniec (2)";"gorzowski";1;"rural"
"1740";"¯yrzyn (2)";"pu³awski";1;"rural"
"1741";"Turoœl (2)";"kolneñski";1;"rural"
"1742";"Je¿owe (2)";"ni¿añski";1;"rural"
"1743";"Jeleœnia (2)";"¿ywiecki";1;"rural"
"1744";"Skrwilno (2)";"rypiñski";1;"rural"
"1745";"Jasieniec (2)";"grójecki";1;"rural"
"1746";"Rychliki (2)";"elbl¹ski";1;"rural"
"1747";"Osiecznica (2)";"boles³awiecki";1;"rural"
"1748";"Malechowo (2)";"s³awieñski";1;"rural"
"1749";"Galewice (2)";"wieruszowski";1;"rural"
"1750";"Parady¿ (2)";"opoczyñski";1;"rural"
"1751";"Morzeszczyn (2)";"tczewski";1;"rural"
"1752";"Tuszów Narodowy (2)";"mielecki";1;"rural"
"1753";"Lipinki (2)";"gorlicki";1;"rural"
"1754";"Soko³ów Podlaski (2)";"soko³owski";1;"rural"
"1755";"Raci¹¿ (2)";"p³oñski";1;"rural"
"1756";"Babice (2)";"chrzanowski";1;"rural"
"1757";"Kondratowice (2)";"strzeliñski";1;"rural"
"1758";"Ochotnica Dolna (2)";"nowotarski";1;"rural"
"1759";"Borki (2)";"radzyñski";1;"rural"
"1760";"Latowicz (2)";"miñski";1;"rural"
"1761";"Œwiêtajno (2)";"szczycieñski";1;"rural"
"1762";"Œwiêtajno (2)";"olecki";1;"rural"
"1763";"Jab³onna Lacka (2)";"soko³owski";1;"rural"
"1764";"W¹wolnica (2)";"pu³awski";1;"rural"
"1765";"Sanniki (2)";"gostyniñski";1;"rural"
"1766";"MiedŸno (2)";"k³obucki";1;"rural"
"1767";"£yse (2)";"ostro³êcki";1;"rural"
"1768";"Wilczyce (2)";"sandomierski";1;"rural"
"1769";"Igo³omia-Wawrzeñczyce (2)";"krakowski";1;"rural"
"1770";"Dobra (2)";"limanowski";1;"rural"
"1771";"Karsin (2)";"koœcierski";1;"rural"
"1772";"Kuczbork-Osada (2)";"¿uromiñski";1;"rural"
"1773";"Osina (2)";"goleniowski";1;"rural"
"1774";"Nowy Korczyn (2)";"buski";1;"rural"
"1775";"Wielowieœ (2)";"gliwicki";1;"rural"
"1776";"£ukowa (2)";"bi³gorajski";1;"rural"
"1777";"Irz¹dze (2)";"zawierciañski";1;"rural"
"1778";"Przeroœl (2)";"suwalski";1;"rural"
"1779";"Laskowa (2)";"limanowski";1;"rural"
"1780";"Wilko³az (2)";"kraœnicki";1;"rural"
"1781";"Domaniów (2)";"o³awski";1;"rural"
"1782";"Gnojnik (2)";"brzeski";1;"rural"
"1783";"Komarów-Osada (2)";"zamojski";1;"rural"
"1784";"Spytkowice (2)";"nowotarski";1;"rural"
"1785";"Spytkowice (2)";"wadowicki";1;"rural"
"1786";"Nowy Targ (2)";"nowotarski";1;"rural"
"1787";"Pcim (2)";"myœlenicki";1;"rural"
"1788";"Sarnaki (2)";"³osicki";1;"rural"
"1789";"Wodzis³aw (2)";"jêdrzejowski";1;"rural"
"1790";"Pleœna (2)";"tarnowski";1;"rural"
"1791";"Milówka (2)";"¿ywiecki";1;"rural"
"1792";"Stubno (2)";"przemyski";1;"rural"
"1793";"Grzegorzew (2)";"kolski";1;"rural"
"1794";"Miasteczko Krajeñskie (2)";"pilski";1;"rural"
"1795";"Michów (2)";"lubartowski";1;"rural"
"1796";"Nowodwór (2)";"rycki";1;"rural"
"1797";"Ruda-Huta (2)";"che³mski";1;"rural"
"1798";"Wilków (2)";"namys³owski";1;"rural"
"1799";"Wilków (2)";"opolski";1;"rural"
"1800";"Panki (2)";"k³obucki";1;"rural"
"1801";"Jedwabno (2)";"szczycieñski";1;"rural"
"1802";"Tuczêpy (2)";"buski";1;"rural"
"1803";"Pacanów (2)";"buski";1;"rural"
"1804";"Szczawin Koœcielny (2)";"gostyniñski";1;"rural"
"1805";"Czarny Dunajec (2)";"nowotarski";1;"rural"
"1806";"Troszyn (2)";"ostro³êcki";1;"rural"
"1807";"Œwinna (2)";"¿ywiecki";1;"rural"
"1808";"Dzikowiec (2)";"kolbuszowski";1;"rural"
"1809";"Tarnowiec (2)";"jasielski";1;"rural"
"1810";"K¹kolewnica (2)";"radzyñski";1;"rural"
"1811";"Walce (2)";"krapkowicki";1;"rural"
"1812";"Kowal (2)";"w³oc³awski";1;"rural"
"1813";"Wola Krzysztoporska (2)";"piotrkowski";1;"rural"
"1814";"Borowa (2)";"mielecki";1;"rural"
"1815";"Bia³ogard (2)";"bia³ogardzki";1;"rural"
"1816";"Rakszawa (2)";"³añcucki";1;"rural"
"1817";"G³owaczów (2)";"kozienicki";1;"rural"
"1818";"£u¿na (2)";"gorlicki";1;"rural"
"1819";"Boæki (2)";"bielski";1;"rural"
"1820";"D¹browa (2)";"opolski";1;"rural"
"1821";"D¹browa (2)";"mogileñski";1;"rural"
"1822";"Mirzec (2)";"starachowicki";1;"rural"
"1823";"Rutki (2)";"zambrowski";1;"rural"
"1824";"Kiszkowo (2)";"gnieŸnieñski";1;"rural"
"1825";"Osiêciny (2)";"radziejowski";1;"rural"
"1826";"Rusiec (2)";"be³chatowski";1;"rural"
"1827";"Œwiekatowo (2)";"œwiecki";1;"rural"
"1828";"Potworów (2)";"przysuski";1;"rural"
"1829";"Kocierzew Po³udniowy (2)";"³owicki";1;"rural"
"1830";"Bodzanów (2)";"p³ocki";1;"rural"
"1831";"Czerwonka (2)";"makowski";1;"rural"
"1832";"Korczew (2)";"siedlecki";1;"rural"
"1833";"Wiœniew (2)";"siedlecki";1;"rural"
"1834";"Laszki (2)";"jaros³awski";1;"rural"
"1835";"Olszanka (2)";"brzeski";1;"rural"
"1836";"Olszanka (2)";"³osicki";1;"rural"
"1837";"Pakos³awice (2)";"nyski";1;"rural"
"1838";"Górzyca (2)";"s³ubicki";1;"rural"
"1839";"Ryjewo (2)";"kwidzyñski";1;"rural"
"1840";"Bartoszyce (2)";"bartoszycki";1;"rural"
"1841";"Baruchowo (2)";"w³oc³awski";1;"rural"
"1842";"Nozdrzec (2)";"brzozowski";1;"rural"
"1843";"Szczurowa (2)";"brzeski";1;"rural"
"1844";"Œwiecie nad Os¹ (2)";"grudzi¹dzki";1;"rural"
"1845";"Boguty-Pianki (2)";"ostrowski";1;"rural"
"1846";"Miejsce Piastowe (2)";"kroœnieñski";1;"rural"
"1847";"Kadzid³o (2)";"ostro³êcki";1;"rural"
"1848";"Inow³ódz (2)";"tomaszowski";1;"rural"
"1849";"Wojcieszków (2)";"³ukowski";1;"rural"
"1850";"Lubanie (2)";"w³oc³awski";1;"rural"
"1851";"W¹sosz (2)";"grajewski";1;"rural"
"1852";"Miêdzyrzec Podlaski (2)";"bialski";1;"rural"
"1853";"Baækowice (2)";"opatowski";1;"rural"
"1854";"Jab³oñ (2)";"parczewski";1;"rural"
"1855";"Rytwiany (2)";"staszowski";1;"rural"
"1856";"Góra Œwiêtej Ma³gorzaty (2)";"³êczycki";1;"rural"
"1857";"Koneck (2)";"aleksandrowski";1;"rural"
"1858";"Sztabin (2)";"augustowski";1;"rural"
"1859";"Opatowiec (2)";"kazimierski";1;"rural"
"1860";"Lasowice Wielkie (2)";"kluczborski";1;"rural"
"1861";"Rzeczniów (2)";"lipski";1;"rural"
"1862";"Bia³opole (2)";"che³mski";1;"rural"
"1863";"Sêkowa (2)";"gorlicki";1;"rural"
"1864";"Ryñsk (2)";"w¹brzeski";1;"rural"
"1865";"Trzeszczany (2)";"hrubieszowski";1;"rural"
"1866";"Dêbnica Kaszubska (2)";"s³upski";1;"rural"
"1867";"Grzmi¹ca (2)";"szczecinecki";1;"rural"
"1868";"Mi³ki (2)";"gi¿ycki";1;"rural"
"1869";"Adamów (2)";"zamojski";1;"rural"
"1870";"Adamów (2)";"³ukowski";1;"rural"
"1871";"Siekierczyn (2)";"lubañski";1;"rural"
"1872";"Zarêby Koœcielne (2)";"ostrowski";1;"rural"
"1873";"Mi¹czyn (2)";"zamojski";1;"rural"
"1874";"Roœciszewo (2)";"sierpecki";1;"rural"
"1875";"Czeremcha (2)";"hajnowski";1;"rural"
"1876";"Do³hobyczów (2)";"hrubieszowski";1;"rural"
"1877";"Zalesie (2)";"bialski";1;"rural"
"1878";"Herby (2)";"lubliniecki";1;"rural"
"1879";"Hañsk (2)";"w³odawski";1;"rural"
"1880";"Topólka (2)";"radziejowski";1;"rural"
"1881";"Sierpc (2)";"sierpecki";1;"rural"
"1882";"Za³uski (2)";"p³oñski";1;"rural"
"1883";"Szumowo (2)";"zambrowski";1;"rural"
"1884";"Przy³êk (2)";"zwoleñski";1;"rural"
"1885";"Koñskowola (2)";"pu³awski";1;"rural"
"1886";"Policzna (2)";"zwoleñski";1;"rural"
"1887";"Cisek (2)";"kêdzierzyñsko-kozielski";1;"rural"
"1888";"Nur (2)";"ostrowski";1;"rural"
"1889";"Bielawy (2)";"³owicki";1;"rural"
"1890";"Bia³oœliwie (2)";"pilski";1;"rural"
"1891";"Gródek (2)";"bia³ostocki";1;"rural"
"1892";"Bledzew (2)";"miêdzyrzecki";1;"rural"
"1893";"Che³m¿a (2)";"toruñski";1;"rural"
"1894";"Wierzbinek (2)";"koniñski";1;"rural"
"1895";"Kamienica (2)";"limanowski";1;"rural"
"1896";"W¹sewo (2)";"ostrowski";1;"rural"
"1897";"Strzegowo (2)";"m³awski";1;"rural"
"1898";"Sulmierzyce (2)";"pajêczañski";1;"rural"
"1899";"Nowe Piekuty (2)";"wysokomazowiecki";1;"rural"
"1900";"Oksa (2)";"jêdrzejowski";1;"rural"
"1901";"Pietrowice Wielkie (2)";"raciborski";1;"rural"
"1902";"Jaœwi³y (2)";"moniecki";1;"rural"
"1903";"¯ó³kiewka (2)";"krasnostawski";1;"rural"
"1904";"Grabowiec (2)";"zamojski";1;"rural"
"1905";"£omazy (2)";"bialski";1;"rural"
"1906";"Turobin (2)";"bi³gorajski";1;"rural"
"1907";"Krzczonów (2)";"lubelski";1;"rural"
"1908";"Koz³ów (2)";"miechowski";1;"rural"
"1909";"Warlubie (2)";"œwiecki";1;"rural"
"1910";"Pionki (2)";"radomski";1;"rural"
"1911";"Je¿ów (2)";"brzeziñski";1;"rural"
"1912";"Babiak (2)";"kolski";1;"rural"
"1913";"Nowy Duninów (2)";"p³ocki";1;"rural"
"1914";"Werbkowice (2)";"hrubieszowski";1;"rural"
"1915";"Józefów nad Wis³¹ (2)";"opolski";1;"rural"
"1916";"Krypno (2)";"moniecki";1;"rural"
"1917";"Wielopole Skrzyñskie (2)";"ropczycko-sêdziszowski";1;"rural"
"1918";"Koszyce (2)";"proszowicki";1;"rural"
"1919";"Mniów (2)";"kielecki";1;"rural"
"1920";"Telatyn (2)";"tomaszowski";1;"rural"
"1921";"Iwkowa (2)";"brzeski";1;"rural"
"1922";"Grabica (2)";"piotrkowski";1;"rural"
"1923";"Uchanie (2)";"hrubieszowski";1;"rural"
"1924";"Krynice (2)";"tomaszowski";1;"rural"
"1925";"Gowarczów (2)";"konecki";1;"rural"
"1926";"Tar³ów (2)";"opatowski";1;"rural"
"1927";"D³ugosiod³o (2)";"wyszkowski";1;"rural"
"1928";"Nieborów (2)";"³owicki";1;"rural"
"1929";"Kalinowo (2)";"e³cki";1;"rural"
"1930";"Grêbów (2)";"tarnobrzeski";1;"rural"
"1931";"Charsznica (2)";"miechowski";1;"rural"
"1932";"Regimin (2)";"ciechanowski";1;"rural"
"1933";"Bojanów (2)";"stalowowolski";1;"rural"
"1934";"Szypliszki (2)";"suwalski";1;"rural"
"1935";"Moskorzew (2)";"w³oszczowski";1;"rural"
"1936";"Wojciechowice (2)";"opatowski";1;"rural"
"1937";"Zambrów (2)";"zambrowski";1;"rural"
"1938";"Korytnica (2)";"wêgrowski";1;"rural"
"1939";"Jakubów (2)";"miñski";1;"rural"
"1940";"Wilkowice (2)";"bielski";1;"rural"
"1941";"Gródek nad Dunajcem (2)";"nowos¹decki";1;"rural"
"1942";"Kodeñ (2)";"bialski";1;"rural"
"1943";"Pêpowo (2)";"gostyñski";1;"rural"
"1944";"P³oniawy-Bramura (2)";"makowski";1;"rural"
"1945";"Lubiewo (2)";"tucholski";1;"rural"
"1946";"Sienno (2)";"lipski";1;"rural"
"1947";"Rybczewice (2)";"œwidnicki";1;"rural"
"1948";"Lubsza (2)";"brzeski";1;"rural"
"1949";"Dolice (2)";"stargardzki";1;"rural"
"1950";"Po³ajewo (2)";"czarnkowsko-trzcianecki";1;"rural"
"1951";"Œniadowo (2)";"³om¿yñski";1;"rural"
"1952";"Grudusk (2)";"ciechanowski";1;"rural"
"1953";"D¹brówno (2)";"ostródzki";1;"rural"
"1954";"Komarówka Podlaska (2)";"radzyñski";1;"rural"
"1955";"Bli¿yn (2)";"skar¿yski";1;"rural"
"1956";"Rzeczyca (2)";"tomaszowski";1;"rural"
"1957";"£abowa (2)";"nowos¹decki";1;"rural"
"1958";"Pi¹tnica (2)";"³om¿yñski";1;"rural"
"1959";"Osiek Jasielski (2)";"jasielski";1;"rural"
"1960";"Pawonków (2)";"lubliniecki";1;"rural"
"1961";"Godziszów (2)";"janowski";1;"rural"
"1962";"Lniano (2)";"œwiecki";1;"rural"
"1963";"Grajewo (2)";"grajewski";1;"rural"
"1964";"Rossosz (2)";"bialski";1;"rural"
"1965";"Lipowiec Koœcielny (2)";"m³awski";1;"rural"
"1966";"Zawidz (2)";"sierpecki";1;"rural"
"1967";"Nowa S³upia (2)";"kielecki";1;"rural"
"1968";"Domanice (2)";"siedlecki";1;"rural"
"1969";"Haczów (2)";"brzozowski";1;"rural"
"1970";"Jednoro¿ec (2)";"przasnyski";1;"rural"
"1971";"Pacyna (2)";"gostyniñski";1;"rural"
"1972";"Szastarka (2)";"kraœnicki";1;"rural"
"1973";"Zawady (2)";"bia³ostocki";1;"rural"
"1974";"Ko³aki Koœcielne (2)";"zambrowski";1;"rural"
"1975";"Wyryki (2)";"w³odawski";1;"rural"
"1976";"Nurzec-Stacja (2)";"siemiatycki";1;"rural"
"1977";"Jordanów (2)";"suski";1;"rural"
"1978";"Chodów (2)";"kolski";1;"rural"
"1979";"Dorohusk (2)";"che³mski";1;"rural"
"1980";"Goszczanów (2)";"sieradzki";1;"rural"
"1981";"Miastkowo (2)";"³om¿yñski";1;"rural"
"1982";"Trzyci¹¿ (2)";"olkuski";1;"rural"
"1983";"Jawornik Polski (2)";"przeworski";1;"rural"
"1984";"Brañsk (2)";"bielski";1;"rural"
"1985";"Baboszewo (2)";"p³oñski";1;"rural"
"1986";"Zebrzydowice (2)";"cieszyñski";1;"rural"
"1987";"Olszanica (2)";"leski";1;"rural"
"1988";"Wola Uhruska (2)";"w³odawski";1;"rural"
"1989";"Stara Kornica (2)";"³osicki";1;"rural"
"1990";"Zarszyn (2)";"sanocki";1;"rural"
"1991";"Ulhówek (2)";"tomaszowski";1;"rural"
"1992";"Radecznica (2)";"zamojski";1;"rural"
"1993";"Hrubieszów (2)";"hrubieszowski";1;"rural"
"1994";"Jas³o (2)";"jasielski";1;"rural"
"1995";"£owicz (2)";"³owicki";1;"rural"
"1996";"Bia³a (2)";"wieluñski";1;"rural"
"1997";"Lubaczów (2)";"lubaczowski";1;"rural"
"1998";"Rusinów (2)";"przysuski";1;"rural"
"1999";"Firlej (2)";"lubartowski";1;"rural"
"2000";"Skierbieszów (2)";"zamojski";1;"rural"
"2001";"Bedlno (2)";"kutnowski";1;"rural"
"2002";"Krzywda (2)";"³ukowski";1;"rural"
"2003";"Mochowo (2)";"sierpecki";1;"rural"
"2004";"S³opnice (2)";"limanowski";1;"rural"
"2005";"¯mudŸ (2)";"che³mski";1;"rural"
"2006";"Radzyñ Podlaski (2)";"radzyñski";1;"rural"
"2007";"Dzwola (2)";"janowski";1;"rural"
"2008";"Kruszyna (2)";"czêstochowski";1;"rural"
"2009";"Szreñsk (2)";"m³awski";1;"rural"
"2010";"Hanna (2)";"w³odawski";1;"rural"
"2011";"NiedŸwiada (2)";"lubartowski";1;"rural"
"2012";"Ma³y P³ock (2)";"kolneñski";1;"rural"
"2013";"Czarnia (2)";"ostro³êcki";1;"rural"
"2014";"Baligród (2)";"leski";1;"rural"
"2015";"B¹dkowo (2)";"aleksandrowski";1;"rural"
"2016";"Zduny (2)";"³owicki";1;"rural"
"2017";"Goraj (2)";"bi³gorajski";1;"rural"
"2018";"Dynów (2)";"rzeszowski";1;"rural"
"2019";"Mokrsko (2)";"wieluñski";1;"rural"
"2020";"K³omnice (2)";"czêstochowski";1;"rural"
"2021";"Siemieñ (2)";"parczewski";1;"rural"
"2022";"Rozogi (2)";"szczycieñski";1;"rural"
"2023";"Baranowo (2)";"ostro³êcki";1;"rural"
"2024";"Stary Dzików (2)";"lubaczowski";1;"rural"
"2025";"Murów (2)";"opolski";1;"rural"
"2026";"Nowy ¯migród (2)";"jasielski";1;"rural"
"2027";"Soko³y (2)";"wysokomazowiecki";1;"rural"
"2028";"Kowale Oleckie (2)";"olecki";1;"rural"
"2029";"Obrazów (2)";"sandomierski";1;"rural"
"2030";"Zakrzówek (2)";"kraœnicki";1;"rural"
"2031";"Dzierzgowo (2)";"m³awski";1;"rural"
"2032";"Skomlin (2)";"wieluñski";1;"rural"
"2033";"Klimontów (2)";"sandomierski";1;"rural"
"2034";"Bêdków (2)";"tomaszowski";1;"rural"
"2035";"Milanów (2)";"parczewski";1;"rural"
"2036";"Janów Podlaski (2)";"bialski";1;"rural"
"2037";"Wielgie (2)";"lipnowski";1;"rural"
"2038";"Klonowa (2)";"sieradzki";1;"rural"
"2039";"Dmosin (2)";"brzeziñski";1;"rural"
"2040";"Sterdyñ (2)";"soko³owski";1;"rural"
"2041";"Korycin (2)";"sokólski";1;"rural"
"2042";"¯elechlinek (2)";"tomaszowski";1;"rural"
"2043";"Kamiennik (2)";"nyski";1;"rural"
"2044";"Wyszki (2)";"bielski";1;"rural"
"2045";"Horyniec-Zdrój (2)";"lubaczowski";1;"rural"
"2046";"Wysokie (2)";"lubelski";1;"rural"
